chart_id,music_id,title,pronunciation,difficulty,play_level,chart_constant,total_note_count,tap_count,flick_count,slide_count,trace_count,critical_count,weighted_note_count,published_at
1,1,Tell Your World,てるゆあわーるど,easy,5,,220,,,,,,,2019-06-10
2,1,Tell Your World,てるゆあわーるど,normal,10,,492,,,,,,,2019-06-10
3,1,Tell Your World,てるゆあわーるど,hard,16,,719,,,,,,,2019-06-10
4,1,Tell Your World,てるゆあわーるど,expert,22,,961,,,,,,,2019-06-10
5,1,Tell Your World,てるゆあわーるど,master,26,,1147,,,,,,,2019-06-10
4001,1,Tell Your World,てるゆあわーるど,append,25,,1353,,,,,,,2019-06-10
6,2,ロキ,ろき,easy,7,,166,,,,,,,2019-06-10
7,2,ロキ,ろき,normal,11,,296,,,,,,,2019-06-10
8,2,ロキ,ろき,hard,17,,635,,,,,,,2019-06-10
9,2,ロキ,ろき,expert,24,,827,,,,,,,2019-06-10
10,2,ロキ,ろき,master,29,,975,,,,,,,2019-06-10
4090,2,ロキ,ろき,append,28,,1040,,,,,,,2019-06-10
11,3,テオ,てお,easy,9,,135,,,,,,,2019-06-10
12,3,テオ,てお,normal,14,,477,,,,,,,2019-06-10
13,3,テオ,てお,hard,19,,681,,,,,,,2019-06-10
14,3,テオ,てお,expert,27,,997,,,,,,,2019-06-10
15,3,テオ,てお,master,32,,1221,,,,,,,2019-06-10
26,6,ヒバナ -Reloaded-,ひばなりろーでっど,easy,9,,198,,,,,,,2019-06-10
27,6,ヒバナ -Reloaded-,ひばなりろーでっど,normal,14,,394,,,,,,,2019-06-10
28,6,ヒバナ -Reloaded-,ひばなりろーでっど,hard,19,,568,,,,,,,2019-06-10
29,6,ヒバナ -Reloaded-,ひばなりろーでっど,expert,28,,808,,,,,,,2019-06-10
30,6,ヒバナ -Reloaded-,ひばなりろーでっど,master,32,,1060,,,,,,,2019-06-10
4002,6,ヒバナ -Reloaded-,ひばなりろーでっど,append,34,,1351,,,,,,,2019-06-10
36,8,タイムマシン,たいむましん,easy,6,,193,,,,,,,2021-02-10
37,8,タイムマシン,たいむましん,normal,11,,268,,,,,,,2021-02-10
38,8,タイムマシン,たいむましん,hard,16,,488,,,,,,,2021-02-10
39,8,タイムマシン,たいむましん,expert,23,,719,,,,,,,2021-02-10
40,8,タイムマシン,たいむましん,master,27,,903,,,,,,,2021-02-10
46,10,ハッピーシンセサイザ,はっぴーしんせさいざ,easy,6,,127,,,,,,,2019-06-10
47,10,ハッピーシンセサイザ,はっぴーしんせさいざ,normal,11,,437,,,,,,,2019-06-10
48,10,ハッピーシンセサイザ,はっぴーしんせさいざ,hard,18,,685,,,,,,,2019-06-10
49,10,ハッピーシンセサイザ,はっぴーしんせさいざ,expert,24,,859,,,,,,,2019-06-10
50,10,ハッピーシンセサイザ,はっぴーしんせさいざ,master,28,,1136,,,,,,,2019-06-10
4088,10,ハッピーシンセサイザ,はっぴーしんせさいざ,append,29,,1205,,,,,,,2019-06-10
51,11,ビバハピ,びばはぴ,easy,6,,126,,,,,,,2020-10-11
52,11,ビバハピ,びばはぴ,normal,12,,297,,,,,,,2020-10-11
53,11,ビバハピ,びばはぴ,hard,17,,367,,,,,,,2020-10-11
54,11,ビバハピ,びばはぴ,expert,24,,597,,,,,,,2020-10-11
55,11,ビバハピ,びばはぴ,master,29,,722,,,,,,,2020-10-11
4142,11,ビバハピ,びばはぴ,append,31,,884,,,,,,,2020-10-11
61,13,Nostalogic,のすたろじっく,easy,6,,134,,,,,,,2019-06-10
62,13,Nostalogic,のすたろじっく,normal,12,,381,,,,,,,2019-06-10
63,13,Nostalogic,のすたろじっく,hard,17,,462,,,,,,,2019-06-10
64,13,Nostalogic,のすたろじっく,expert,23,,719,,,,,,,2019-06-10
65,13,Nostalogic,のすたろじっく,master,29,,985,,,,,,,2019-06-10
71,15,drop pop candy,どろっぷぽっぷきゃんでぃ,easy,6,,156,,,,,,,2021-02-15
72,15,drop pop candy,どろっぷぽっぷきゃんでぃ,normal,12,,322,,,,,,,2021-02-15
73,15,drop pop candy,どろっぷぽっぷきゃんでぃ,hard,17,,546,,,,,,,2021-02-15
74,15,drop pop candy,どろっぷぽっぷきゃんでぃ,expert,25,,773,,,,,,,2021-02-15
75,15,drop pop candy,どろっぷぽっぷきゃんでぃ,master,29,,902,,,,,,,2021-02-15
86,18,アスノヨゾラ哨戒班,あすのよぞらしょうかいはん,easy,8,,229,,,,,,,2020-10-01
87,18,アスノヨゾラ哨戒班,あすのよぞらしょうかいはん,normal,12,,467,,,,,,,2020-10-01
88,18,アスノヨゾラ哨戒班,あすのよぞらしょうかいはん,hard,17,,765,,,,,,,2020-10-01
89,18,アスノヨゾラ哨戒班,あすのよぞらしょうかいはん,expert,25,,1073,,,,,,,2020-10-01
90,18,アスノヨゾラ哨戒班,あすのよぞらしょうかいはん,master,29,,1208,,,,,,,2020-10-01
91,19,シャルル,しゃるる,easy,6,,128,,,,,,,2019-06-10
92,19,シャルル,しゃるる,normal,11,,338,,,,,,,2019-06-10
93,19,シャルル,しゃるる,hard,17,,562,,,,,,,2019-06-10
94,19,シャルル,しゃるる,expert,23,,701,,,,,,,2019-06-10
95,19,シャルル,しゃるる,master,28,,824,,,,,,,2019-06-10
4025,19,シャルル,しゃるる,append,28,,1000,,,,,,,2019-06-10
101,21,脱法ロック,だっぽうろっく,easy,7,,195,,,,,,,2020-10-04
102,21,脱法ロック,だっぽうろっく,normal,13,,405,,,,,,,2020-10-04
103,21,脱法ロック,だっぽうろっく,hard,18,,751,,,,,,,2020-10-04
104,21,脱法ロック,だっぽうろっく,expert,26,,972,,,,,,,2020-10-04
105,21,脱法ロック,だっぽうろっく,master,31,,1145,,,,,,,2020-10-04
106,22,命に嫌われている,いのちにきらわれている,easy,9,,120,,,,,,,2020-10-05
107,22,命に嫌われている,いのちにきらわれている,normal,14,,367,,,,,,,2020-10-05
108,22,命に嫌われている,いのちにきらわれている,hard,18,,515,,,,,,,2020-10-05
109,22,命に嫌われている,いのちにきらわれている,expert,26,,756,,,,,,,2020-10-05
110,22,命に嫌われている,いのちにきらわれている,master,30,,979,,,,,,,2020-10-05
126,26,劣等上等,れっとうじょうとう,easy,7,,148,,,,,,,2019-06-10
127,26,劣等上等,れっとうじょうとう,normal,12,,371,,,,,,,2019-06-10
128,26,劣等上等,れっとうじょうとう,hard,18,,520,,,,,,,2019-06-10
129,26,劣等上等,れっとうじょうとう,expert,25,,825,,,,,,,2019-06-10
130,26,劣等上等,れっとうじょうとう,master,30,,952,,,,,,,2019-06-10
4136,26,劣等上等,れっとうじょうとう,append,30,,939,,,,,,,2019-06-10
131,27,Just Be Friends,じゃすとびーふれんず,easy,6,,148,,,,,,,2020-10-03
132,27,Just Be Friends,じゃすとびーふれんず,normal,11,,410,,,,,,,2020-10-03
133,27,Just Be Friends,じゃすとびーふれんず,hard,17,,679,,,,,,,2020-10-03
134,27,Just Be Friends,じゃすとびーふれんず,expert,23,,811,,,,,,,2020-10-03
135,27,Just Be Friends,じゃすとびーふれんず,master,28,,989,,,,,,,2020-10-03
136,28,ドクター＝ファンクビート,どくたーふぁんくびーと,easy,8,,160,,,,,,,2019-06-10
137,28,ドクター＝ファンクビート,どくたーふぁんくびーと,normal,13,,436,,,,,,,2019-06-10
138,28,ドクター＝ファンクビート,どくたーふぁんくびーと,hard,19,,677,,,,,,,2019-06-10
139,28,ドクター＝ファンクビート,どくたーふぁんくびーと,expert,27,,984,,,,,,,2019-06-10
140,28,ドクター＝ファンクビート,どくたーふぁんくびーと,master,32,,1198,,,,,,,2019-06-10
176,36,ミラクルペイント,みらくるぺいんと,easy,9,,266,,,,,,,2020-10-13
177,36,ミラクルペイント,みらくるぺいんと,normal,12,,618,,,,,,,2020-10-13
178,36,ミラクルペイント,みらくるぺいんと,hard,18,,812,,,,,,,2020-10-13
179,36,ミラクルペイント,みらくるぺいんと,expert,25,,1300,,,,,,,2020-10-13
180,36,ミラクルペイント,みらくるぺいんと,master,30,,1437,,,,,,,2020-10-13
186,38,ブリキノダンス,ぶりきのだんす,easy,8,,113,,,,,,,2019-06-10
187,38,ブリキノダンス,ぶりきのだんす,normal,13,,347,,,,,,,2019-06-10
188,38,ブリキノダンス,ぶりきのだんす,hard,18,,618,,,,,,,2019-06-10
189,38,ブリキノダンス,ぶりきのだんす,expert,25,,852,,,,,,,2019-06-10
190,38,ブリキノダンス,ぶりきのだんす,master,30,,967,,,,,,,2019-06-10
201,41,スイートマジック,すいーとまじっく,easy,5,,151,,,,,,,2019-06-10
202,41,スイートマジック,すいーとまじっく,normal,12,,399,,,,,,,2019-06-10
203,41,スイートマジック,すいーとまじっく,hard,18,,659,,,,,,,2019-06-10
204,41,スイートマジック,すいーとまじっく,expert,24,,920,,,,,,,2019-06-10
205,41,スイートマジック,すいーとまじっく,master,27,,1224,,,,,,,2019-06-10
4065,41,スイートマジック,すいーとまじっく,append,25,,1126,,,,,,,2019-06-10
211,43,ネクストネスト,ねくすとねすと,easy,6,,122,,,,,,,2019-06-10
212,43,ネクストネスト,ねくすとねすと,normal,13,,366,,,,,,,2019-06-10
213,43,ネクストネスト,ねくすとねすと,hard,18,,715,,,,,,,2019-06-10
214,43,ネクストネスト,ねくすとねすと,expert,27,,983,,,,,,,2019-06-10
215,43,ネクストネスト,ねくすとねすと,master,30,,1131,,,,,,,2019-06-10
216,44,Hand in Hand,はんどいんはんど,easy,6,,165,,,,,,,2020-10-08
217,44,Hand in Hand,はんどいんはんど,normal,13,,427,,,,,,,2020-10-08
218,44,Hand in Hand,はんどいんはんど,hard,16,,637,,,,,,,2020-10-08
219,44,Hand in Hand,はんどいんはんど,expert,23,,809,,,,,,,2020-10-08
220,44,Hand in Hand,はんどいんはんど,master,28,,1072,,,,,,,2020-10-08
4049,44,Hand in Hand,はんどいんはんど,append,28,,1020,,,,,,,2020-10-08
221,45,39みゅーじっく！,さんきゅーみゅーじっく,easy,6,,139,,,,,,,2020-10-16
222,45,39みゅーじっく！,さんきゅーみゅーじっく,normal,11,,339,,,,,,,2020-10-16
223,45,39みゅーじっく！,さんきゅーみゅーじっく,hard,16,,539,,,,,,,2020-10-16
224,45,39みゅーじっく！,さんきゅーみゅーじっく,expert,23,,839,,,,,,,2020-10-16
225,45,39みゅーじっく！,さんきゅーみゅーじっく,master,28,,1039,,,,,,,2020-10-16
4125,45,39みゅーじっく！,さんきゅーみゅーじっく,append,27,,1039,,,,,,,2020-10-16
226,46,グリーンライツ・セレナーデ,ぐりーんらいつせれなーで,easy,9,,237,,,,,,,2020-12-29
227,46,グリーンライツ・セレナーデ,ぐりーんらいつせれなーで,normal,14,,413,,,,,,,2020-12-29
228,46,グリーンライツ・セレナーデ,ぐりーんらいつせれなーで,hard,19,,770,,,,,,,2020-12-29
229,46,グリーンライツ・セレナーデ,ぐりーんらいつせれなーで,expert,27,,1034,,,,,,,2020-12-29
230,46,グリーンライツ・セレナーデ,ぐりーんらいつせれなーで,master,31,,1174,,,,,,,2020-12-29
231,47,メルト,めると,easy,7,,286,,,,,,,2019-06-10
232,47,メルト,めると,normal,12,,684,,,,,,,2019-06-10
233,47,メルト,めると,hard,17,,1056,,,,,,,2019-06-10
234,47,メルト,めると,expert,25,,1363,,,,,,,2019-06-10
235,47,メルト,めると,master,29,,1586,,,,,,,2019-06-10
236,48,ワールドイズマイン,わーるどいずまいん,easy,7,,307,,,,,,,2020-10-06
237,48,ワールドイズマイン,わーるどいずまいん,normal,13,,614,,,,,,,2020-10-06
238,48,ワールドイズマイン,わーるどいずまいん,hard,17,,899,,,,,,,2020-10-06
239,48,ワールドイズマイン,わーるどいずまいん,expert,24,,1248,,,,,,,2020-10-06
240,48,ワールドイズマイン,わーるどいずまいん,master,29,,1417,,,,,,,2020-10-06
241,49,初音ミクの消失,はつねみくのしょうしつ,easy,9,,376,,,,,,,2019-06-10
242,49,初音ミクの消失,はつねみくのしょうしつ,normal,15,,751,,,,,,,2019-06-10
243,49,初音ミクの消失,はつねみくのしょうしつ,hard,22,,1116,,,,,,,2019-06-10
244,49,初音ミクの消失,はつねみくのしょうしつ,expert,30,,1502,,,,,,,2019-06-10
245,49,初音ミクの消失,はつねみくのしょうしつ,master,35,,1666,,,,,,,2019-06-10
246,50,Blessing,ぶれっしんぐ,easy,5,,111,,,,,,,2019-06-10
247,50,Blessing,ぶれっしんぐ,normal,11,,347,,,,,,,2019-06-10
248,50,Blessing,ぶれっしんぐ,hard,16,,631,,,,,,,2019-06-10
249,50,Blessing,ぶれっしんぐ,expert,23,,859,,,,,,,2019-06-10
250,50,Blessing,ぶれっしんぐ,master,27,,986,,,,,,,2019-06-10
251,51,セカイはまだ始まってすらいない,せかいはまだはじまってすらいない,easy,6,,122,,,,,,,2019-06-10
252,51,セカイはまだ始まってすらいない,せかいはまだはじまってすらいない,normal,13,,400,,,,,,,2019-06-10
253,51,セカイはまだ始まってすらいない,せかいはまだはじまってすらいない,hard,16,,565,,,,,,,2019-06-10
254,51,セカイはまだ始まってすらいない,せかいはまだはじまってすらいない,expert,24,,774,,,,,,,2019-06-10
255,51,セカイはまだ始まってすらいない,せかいはまだはじまってすらいない,master,29,,1027,,,,,,,2019-06-10
256,52,potatoになっていく,ぽてとになっていく,easy,5,,103,,,,,,,2020-11-07
257,52,potatoになっていく,ぽてとになっていく,normal,11,,243,,,,,,,2020-11-07
258,52,potatoになっていく,ぽてとになっていく,hard,17,,400,,,,,,,2020-11-07
259,52,potatoになっていく,ぽてとになっていく,expert,24,,721,,,,,,,2020-11-07
260,52,potatoになっていく,ぽてとになっていく,master,29,,863,,,,,,,2020-11-07
4018,52,potatoになっていく,ぽてとになっていく,append,25,,703,,,,,,,2020-11-07
266,54,Ready Steady,れでぃすてでぃ,easy,5,,96,,,,,,,2019-06-10
267,54,Ready Steady,れでぃすてでぃ,normal,10,,238,,,,,,,2019-06-10
268,54,Ready Steady,れでぃすてでぃ,hard,16,,403,,,,,,,2019-06-10
269,54,Ready Steady,れでぃすてでぃ,expert,25,,564,,,,,,,2019-06-10
270,54,Ready Steady,れでぃすてでぃ,master,29,,667,,,,,,,2019-06-10
271,55,Forward,ふぉわーど,easy,6,,141,,,,,,,2020-12-08
272,55,Forward,ふぉわーど,normal,11,,281,,,,,,,2020-12-08
273,55,Forward,ふぉわーど,hard,16,,449,,,,,,,2020-12-08
274,55,Forward,ふぉわーど,expert,24,,737,,,,,,,2020-12-08
275,55,Forward,ふぉわーど,master,28,,895,,,,,,,2020-12-08
281,57,アイドル新鋭隊,あいどるしんえいたい,easy,8,,153,,,,,,,2019-06-10
282,57,アイドル新鋭隊,あいどるしんえいたい,normal,12,,343,,,,,,,2019-06-10
283,57,アイドル新鋭隊,あいどるしんえいたい,hard,17,,497,,,,,,,2019-06-10
284,57,アイドル新鋭隊,あいどるしんえいたい,expert,24,,754,,,,,,,2019-06-10
285,57,アイドル新鋭隊,あいどるしんえいたい,master,29,,940,,,,,,,2019-06-10
296,60,悔やむと書いてミライ,くやむとかいてみらい,easy,8,,190,,,,,,,2019-06-10
297,60,悔やむと書いてミライ,くやむとかいてみらい,normal,13,,440,,,,,,,2019-06-10
298,60,悔やむと書いてミライ,くやむとかいてみらい,hard,17,,541,,,,,,,2019-06-10
299,60,悔やむと書いてミライ,くやむとかいてみらい,expert,26,,815,,,,,,,2019-06-10
300,60,悔やむと書いてミライ,くやむとかいてみらい,master,30,,973,,,,,,,2019-06-10
301,61,携帯恋話,けいたいれんわ,easy,8,,204,,,,,,,2020-10-15
302,61,携帯恋話,けいたいれんわ,normal,12,,361,,,,,,,2020-10-15
303,61,携帯恋話,けいたいれんわ,hard,18,,651,,,,,,,2020-10-15
304,61,携帯恋話,けいたいれんわ,expert,25,,981,,,,,,,2020-10-15
305,61,携帯恋話,けいたいれんわ,master,29,,1131,,,,,,,2020-10-15
306,62,ジャックポットサッドガール,じゃっくぽっとさっどがーる,easy,9,,206,,,,,,,2020-10-20
307,62,ジャックポットサッドガール,じゃっくぽっとさっどがーる,normal,13,,258,,,,,,,2020-10-20
308,62,ジャックポットサッドガール,じゃっくぽっとさっどがーる,hard,18,,491,,,,,,,2020-10-20
309,62,ジャックポットサッドガール,じゃっくぽっとさっどがーる,expert,26,,647,,,,,,,2020-10-20
310,62,ジャックポットサッドガール,じゃっくぽっとさっどがーる,master,29,,767,,,,,,,2020-10-20
311,63,needLe,にーどる,easy,7,,216,,,,,,,2019-06-10
312,63,needLe,にーどる,normal,12,,430,,,,,,,2019-06-10
313,63,needLe,にーどる,hard,17,,662,,,,,,,2019-06-10
314,63,needLe,にーどる,expert,25,,889,,,,,,,2019-06-10
315,63,needLe,にーどる,master,29,,1029,,,,,,,2019-06-10
316,64,ステラ,すてら,easy,8,,251,,,,,,,2020-10-18
317,64,ステラ,すてら,normal,13,,503,,,,,,,2020-10-18
318,64,ステラ,すてら,hard,17,,694,,,,,,,2020-10-18
319,64,ステラ,すてら,expert,26,,955,,,,,,,2020-10-18
320,64,ステラ,すてら,master,30,,1190,,,,,,,2020-10-18
4003,64,ステラ,すてら,append,31,,1553,,,,,,,2020-10-18
326,66,ハロ／ハワユ,はろはわゆ,easy,5,,104,,,,,,,2019-06-10
327,66,ハロ／ハワユ,はろはわゆ,normal,10,,271,,,,,,,2019-06-10
328,66,ハロ／ハワユ,はろはわゆ,hard,15,,501,,,,,,,2019-06-10
329,66,ハロ／ハワユ,はろはわゆ,expert,22,,690,,,,,,,2019-06-10
330,66,ハロ／ハワユ,はろはわゆ,master,27,,851,,,,,,,2019-06-10
331,67,自傷無色,じしょうむしょく,easy,5,,112,,,,,,,2019-06-10
332,67,自傷無色,じしょうむしょく,normal,10,,291,,,,,,,2019-06-10
333,67,自傷無色,じしょうむしょく,hard,17,,443,,,,,,,2019-06-10
334,67,自傷無色,じしょうむしょく,expert,22,,614,,,,,,,2019-06-10
335,67,自傷無色,じしょうむしょく,master,26,,829,,,,,,,2019-06-10
336,68,ダンスロボットダンス,だんすろぼっとだんす,easy,8,,157,,,,,,,2020-10-07
337,68,ダンスロボットダンス,だんすろぼっとだんす,normal,13,,407,,,,,,,2020-10-07
338,68,ダンスロボットダンス,だんすろぼっとだんす,hard,18,,719,,,,,,,2020-10-07
339,68,ダンスロボットダンス,だんすろぼっとだんす,expert,26,,927,,,,,,,2020-10-07
340,68,ダンスロボットダンス,だんすろぼっとだんす,master,30,,1057,,,,,,,2020-10-07
341,69,フラジール,ふらじーる,easy,6,,108,,,,,,,2019-06-10
342,69,フラジール,ふらじーる,normal,11,,377,,,,,,,2019-06-10
343,69,フラジール,ふらじーる,hard,17,,669,,,,,,,2019-06-10
344,69,フラジール,ふらじーる,expert,24,,863,,,,,,,2019-06-10
345,69,フラジール,ふらじーる,master,28,,1040,,,,,,,2019-06-10
4103,69,フラジール,ふらじーる,append,28,,999,,,,,,,2019-06-10
346,70,メルティランドナイトメア,めるてぃらんどないとめあ,easy,6,,167,,,,,,,2020-10-25
347,70,メルティランドナイトメア,めるてぃらんどないとめあ,normal,12,,397,,,,,,,2020-10-25
348,70,メルティランドナイトメア,めるてぃらんどないとめあ,hard,17,,595,,,,,,,2020-10-25
349,70,メルティランドナイトメア,めるてぃらんどないとめあ,expert,24,,934,,,,,,,2020-10-25
350,70,メルティランドナイトメア,めるてぃらんどないとめあ,master,27,,959,,,,,,,2020-10-25
351,71,ツギハギスタッカート,つぎはぎすたっかーと,easy,6,,168,,,,,,,2019-06-10
352,71,ツギハギスタッカート,つぎはぎすたっかーと,normal,11,,316,,,,,,,2019-06-10
353,71,ツギハギスタッカート,つぎはぎすたっかーと,hard,16,,583,,,,,,,2019-06-10
354,71,ツギハギスタッカート,つぎはぎすたっかーと,expert,24,,854,,,,,,,2019-06-10
355,71,ツギハギスタッカート,つぎはぎすたっかーと,master,28,,861,,,,,,,2019-06-10
356,72,ブレス・ユア・ブレス,ぶれすゆあぶれす,easy,7,,157,,,,,,,2021-01-04
357,72,ブレス・ユア・ブレス,ぶれすゆあぶれす,normal,13,,361,,,,,,,2021-01-04
358,72,ブレス・ユア・ブレス,ぶれすゆあぶれす,hard,17,,511,,,,,,,2021-01-04
359,72,ブレス・ユア・ブレス,ぶれすゆあぶれす,expert,24,,696,,,,,,,2021-01-04
360,72,ブレス・ユア・ブレス,ぶれすゆあぶれす,master,29,,873,,,,,,,2021-01-04
361,73,ニア,にあ,easy,6,,139,,,,,,,2020-10-02
362,73,ニア,にあ,normal,11,,266,,,,,,,2020-10-02
363,73,ニア,にあ,hard,16,,517,,,,,,,2020-10-02
364,73,ニア,にあ,expert,22,,702,,,,,,,2020-10-02
365,73,ニア,にあ,master,27,,841,,,,,,,2020-10-02
366,74,独りんぼエンヴィー,ひとりんぼえんヴぃー,easy,6,,74,,,,,,,2020-12-14
367,74,独りんぼエンヴィー,ひとりんぼえんヴぃー,normal,11,,171,,,,,,,2020-12-14
368,74,独りんぼエンヴィー,ひとりんぼえんヴぃー,hard,16,,356,,,,,,,2020-12-14
369,74,独りんぼエンヴィー,ひとりんぼえんヴぃー,expert,22,,544,,,,,,,2020-12-14
370,74,独りんぼエンヴィー,ひとりんぼえんヴぃー,master,26,,589,,,,,,,2020-12-14
371,75,ウミユリ海底譚,うみゆりかいていたん,easy,6,,119,,,,,,,2020-12-01
372,75,ウミユリ海底譚,うみゆりかいていたん,normal,13,,287,,,,,,,2020-12-01
373,75,ウミユリ海底譚,うみゆりかいていたん,hard,17,,497,,,,,,,2020-12-01
374,75,ウミユリ海底譚,うみゆりかいていたん,expert,23,,737,,,,,,,2020-12-01
375,75,ウミユリ海底譚,うみゆりかいていたん,master,28,,833,,,,,,,2020-12-01
376,76,セカイ,せかい,easy,6,,143,,,,,,,2019-06-10
377,76,セカイ,せかい,normal,12,,400,,,,,,,2019-06-10
378,76,セカイ,せかい,hard,18,,549,,,,,,,2019-06-10
379,76,セカイ,せかい,expert,23,,735,,,,,,,2019-06-10
380,76,セカイ,せかい,master,27,,858,,,,,,,2019-06-10
4079,76,セカイ,せかい,append,28,,945,,,,,,,2019-06-10
381,77,ワーワーワールド,わーわーわーるど,easy,7,,127,,,,,,,2019-06-10
382,77,ワーワーワールド,わーわーわーるど,normal,12,,343,,,,,,,2019-06-10
383,77,ワーワーワールド,わーわーわーるど,hard,17,,519,,,,,,,2019-06-10
384,77,ワーワーワールド,わーわーわーるど,expert,24,,789,,,,,,,2019-06-10
385,77,ワーワーワールド,わーわーわーるど,master,29,,960,,,,,,,2019-06-10
4096,77,ワーワーワールド,わーわーわーるど,append,29,,1170,,,,,,,2019-06-10
386,78,ぼうけんのしょがきえました！,ぼうけんのしょがきえました,easy,8,,278,,,,,,,2019-06-10
387,78,ぼうけんのしょがきえました！,ぼうけんのしょがきえました,normal,13,,472,,,,,,,2019-06-10
388,78,ぼうけんのしょがきえました！,ぼうけんのしょがきえました,hard,19,,711,,,,,,,2019-06-10
389,78,ぼうけんのしょがきえました！,ぼうけんのしょがきえました,expert,26,,951,,,,,,,2019-06-10
390,78,ぼうけんのしょがきえました！,ぼうけんのしょがきえました,master,31,,1092,,,,,,,2019-06-10
401,81,夜咄ディセイブ,よばなしでぃせいぶ,easy,8,,184,,,,,,,2020-10-09
402,81,夜咄ディセイブ,よばなしでぃせいぶ,normal,14,,424,,,,,,,2020-10-09
403,81,夜咄ディセイブ,よばなしでぃせいぶ,hard,19,,851,,,,,,,2020-10-09
404,81,夜咄ディセイブ,よばなしでぃせいぶ,expert,26,,1165,,,,,,,2020-10-09
405,81,夜咄ディセイブ,よばなしでぃせいぶ,master,30,,1311,,,,,,,2020-10-09
406,82,alive,あらいぶ,easy,6,,134,,,,,,,2019-06-10
407,82,alive,あらいぶ,normal,11,,341,,,,,,,2019-06-10
408,82,alive,あらいぶ,hard,16,,593,,,,,,,2019-06-10
409,82,alive,あらいぶ,expert,23,,804,,,,,,,2019-06-10
410,82,alive,あらいぶ,master,27,,1016,,,,,,,2019-06-10
411,83,Gimme×Gimme,ぎみぎみ,easy,6,,137,,,,,,,2020-10-10
412,83,Gimme×Gimme,ぎみぎみ,normal,11,,348,,,,,,,2020-10-10
413,83,Gimme×Gimme,ぎみぎみ,hard,18,,613,,,,,,,2020-10-10
414,83,Gimme×Gimme,ぎみぎみ,expert,26,,842,,,,,,,2020-10-10
415,83,Gimme×Gimme,ぎみぎみ,master,29,,907,,,,,,,2020-10-10
416,84,ジャンキーナイトタウンオーケストラ,じゃんきーないとたうんおーけすとら,easy,6,,152,,,,,,,2020-10-12
417,84,ジャンキーナイトタウンオーケストラ,じゃんきーないとたうんおーけすとら,normal,13,,465,,,,,,,2020-10-12
418,84,ジャンキーナイトタウンオーケストラ,じゃんきーないとたうんおーけすとら,hard,18,,740,,,,,,,2020-10-12
419,84,ジャンキーナイトタウンオーケストラ,じゃんきーないとたうんおーけすとら,expert,26,,1070,,,,,,,2020-10-12
420,84,ジャンキーナイトタウンオーケストラ,じゃんきーないとたうんおーけすとら,master,31,,1374,,,,,,,2020-10-12
421,85,Leia - Remind,れいありまいんど,easy,9,,183,,,,,,,2020-10-19
422,85,Leia - Remind,れいありまいんど,normal,13,,372,,,,,,,2020-10-19
423,85,Leia - Remind,れいありまいんど,hard,18,,587,,,,,,,2020-10-19
424,85,Leia - Remind,れいありまいんど,expert,25,,970,,,,,,,2020-10-19
425,85,Leia - Remind,れいありまいんど,master,29,,1155,,,,,,,2020-10-19
426,86,on the rocks,おんざろっくす,easy,7,,169,,,,,,,2020-10-14
427,86,on the rocks,おんざろっくす,normal,11,,425,,,,,,,2020-10-14
428,86,on the rocks,おんざろっくす,hard,16,,565,,,,,,,2020-10-14
429,86,on the rocks,おんざろっくす,expert,23,,857,,,,,,,2020-10-14
430,86,on the rocks,おんざろっくす,master,27,,1004,,,,,,,2020-10-14
431,87,恋愛裁判,れんあいさいばん,easy,6,,174,,,,,,,2020-12-30
432,87,恋愛裁判,れんあいさいばん,normal,12,,447,,,,,,,2020-12-30
433,87,恋愛裁判,れんあいさいばん,hard,17,,591,,,,,,,2020-12-30
434,87,恋愛裁判,れんあいさいばん,expert,22,,889,,,,,,,2020-12-30
435,87,恋愛裁判,れんあいさいばん,master,28,,1149,,,,,,,2020-12-30
436,88,チュルリラ・チュルリラ・ダッダッダ！,ちゅるりらちゅるりらだっだっだ,easy,9,,297,,,,,,,2021-01-03
437,88,チュルリラ・チュルリラ・ダッダッダ！,ちゅるりらちゅるりらだっだっだ,normal,13,,516,,,,,,,2021-01-03
438,88,チュルリラ・チュルリラ・ダッダッダ！,ちゅるりらちゅるりらだっだっだ,hard,18,,882,,,,,,,2021-01-03
439,88,チュルリラ・チュルリラ・ダッダッダ！,ちゅるりらちゅるりらだっだっだ,expert,26,,1246,,,,,,,2021-01-03
440,88,チュルリラ・チュルリラ・ダッダッダ！,ちゅるりらちゅるりらだっだっだ,master,31,,1401,,,,,,,2021-01-03
441,89,Color of Drops,からーおぶどろっぷす,easy,6,,182,,,,,,,2021-01-29
442,89,Color of Drops,からーおぶどろっぷす,normal,12,,392,,,,,,,2021-01-29
443,89,Color of Drops,からーおぶどろっぷす,hard,16,,537,,,,,,,2021-01-29
444,89,Color of Drops,からーおぶどろっぷす,expert,23,,796,,,,,,,2021-01-29
445,89,Color of Drops,からーおぶどろっぷす,master,28,,918,,,,,,,2021-01-29
4047,89,Color of Drops,からーおぶどろっぷす,append,26,,1028,,,,,,,2021-01-29
446,90,限りなく灰色へ,かぎりなくはいいろへ,easy,6,,108,,,,,,,2021-02-26
447,90,限りなく灰色へ,かぎりなくはいいろへ,normal,12,,227,,,,,,,2021-02-26
448,90,限りなく灰色へ,かぎりなくはいいろへ,hard,18,,470,,,,,,,2021-02-26
449,90,限りなく灰色へ,かぎりなくはいいろへ,expert,26,,818,,,,,,,2021-02-26
450,90,限りなく灰色へ,かぎりなくはいいろへ,master,31,,849,,,,,,,2021-02-26
451,91,ドラマツルギー,どらまつるぎー,easy,7,,116,,,,,,,2020-12-28
452,91,ドラマツルギー,どらまつるぎー,normal,12,,284,,,,,,,2020-12-28
453,91,ドラマツルギー,どらまつるぎー,hard,17,,515,,,,,,,2020-12-28
454,91,ドラマツルギー,どらまつるぎー,expert,25,,747,,,,,,,2020-12-28
455,91,ドラマツルギー,どらまつるぎー,master,29,,862,,,,,,,2020-12-28
4143,91,ドラマツルギー,どらまつるぎー,append,30,,931,,,,,,,2020-12-28
456,92,乙女解剖,おとめかいぼう,easy,5,,177,,,,,,,2020-11-01
457,92,乙女解剖,おとめかいぼう,normal,12,,359,,,,,,,2020-11-01
458,92,乙女解剖,おとめかいぼう,hard,16,,509,,,,,,,2020-11-01
459,92,乙女解剖,おとめかいぼう,expert,24,,834,,,,,,,2020-11-01
460,92,乙女解剖,おとめかいぼう,master,28,,1002,,,,,,,2020-11-01
461,93,青く駆けろ！,あおくかけろ,easy,8,,255,,,,,,,2020-10-17
462,93,青く駆けろ！,あおくかけろ,normal,13,,471,,,,,,,2020-10-17
463,93,青く駆けろ！,あおくかけろ,hard,17,,757,,,,,,,2020-10-17
464,93,青く駆けろ！,あおくかけろ,expert,24,,919,,,,,,,2020-10-17
465,93,青く駆けろ！,あおくかけろ,master,27,,1048,,,,,,,2020-10-17
4017,93,青く駆けろ！,あおくかけろ,append,30,,1446,,,,,,,2020-10-17
466,94,とても痛い痛がりたい,とてもいたいいたがりたい,easy,6,,201,,,,,,,2021-01-05
467,94,とても痛い痛がりたい,とてもいたいいたがりたい,normal,13,,353,,,,,,,2021-01-05
468,94,とても痛い痛がりたい,とてもいたいいたがりたい,hard,18,,590,,,,,,,2021-01-05
469,94,とても痛い痛がりたい,とてもいたいいたがりたい,expert,23,,817,,,,,,,2021-01-05
470,94,とても痛い痛がりたい,とてもいたいいたがりたい,master,28,,915,,,,,,,2021-01-05
4112,94,とても痛い痛がりたい,とてもいたいいたがりたい,append,30,,1226,,,,,,,2021-01-05
471,95,威風堂々,いふうどうどう,easy,6,,188,,,,,,,2021-03-15
472,95,威風堂々,いふうどうどう,normal,12,,326,,,,,,,2021-03-15
473,95,威風堂々,いふうどうどう,hard,17,,604,,,,,,,2021-03-15
474,95,威風堂々,いふうどうどう,expert,24,,975,,,,,,,2021-03-15
475,95,威風堂々,いふうどうどう,master,28,,1166,,,,,,,2021-03-15
4016,95,威風堂々,いふうどうどう,append,29,,1269,,,,,,,2021-03-15
476,96,from Y to Y,ふろむわいとぅわい,easy,5,,196,,,,,,,2021-03-22
477,96,from Y to Y,ふろむわいとぅわい,normal,11,,284,,,,,,,2021-03-22
478,96,from Y to Y,ふろむわいとぅわい,hard,16,,551,,,,,,,2021-03-22
479,96,from Y to Y,ふろむわいとぅわい,expert,24,,847,,,,,,,2021-03-22
480,96,from Y to Y,ふろむわいとぅわい,master,27,,982,,,,,,,2021-03-22
481,97,霽れを待つ,はれをまつ,easy,7,,192,,,,,,,2021-01-10
482,97,霽れを待つ,はれをまつ,normal,12,,461,,,,,,,2021-01-10
483,97,霽れを待つ,はれをまつ,hard,17,,562,,,,,,,2021-01-10
484,97,霽れを待つ,はれをまつ,expert,26,,974,,,,,,,2021-01-10
485,97,霽れを待つ,はれをまつ,master,31,,1106,,,,,,,2021-01-10
486,98,ロストワンの号哭,ろすとわんのごうこく,easy,7,,142,,,,,,,2021-10-02
487,98,ロストワンの号哭,ろすとわんのごうこく,normal,14,,343,,,,,,,2021-10-02
488,98,ロストワンの号哭,ろすとわんのごうこく,hard,19,,600,,,,,,,2021-10-02
489,98,ロストワンの号哭,ろすとわんのごうこく,expert,26,,947,,,,,,,2021-10-02
490,98,ロストワンの号哭,ろすとわんのごうこく,master,33,,1157,,,,,,,2021-10-02
491,99,モア！ジャンプ！モア！,もあじゃんぷもあ,easy,9,,243,,,,,,,2020-11-19
492,99,モア！ジャンプ！モア！,もあじゃんぷもあ,normal,13,,417,,,,,,,2020-11-19
493,99,モア！ジャンプ！モア！,もあじゃんぷもあ,hard,18,,735,,,,,,,2020-11-19
494,99,モア！ジャンプ！モア！,もあじゃんぷもあ,expert,26,,1011,,,,,,,2020-11-19
495,99,モア！ジャンプ！モア！,もあじゃんぷもあ,master,31,,1257,,,,,,,2020-11-19
4004,99,モア！ジャンプ！モア！,もあじゃんぷもあ,append,30,,1518,,,,,,,2020-11-19
496,100,ECHO,えこー,easy,6,,157,,,,,,,2021-01-02
497,100,ECHO,えこー,normal,12,,279,,,,,,,2021-01-02
498,100,ECHO,えこー,hard,16,,404,,,,,,,2021-01-02
499,100,ECHO,えこー,expert,23,,659,,,,,,,2021-01-02
500,100,ECHO,えこー,master,26,,805,,,,,,,2021-01-02
4098,100,ECHO,えこー,append,29,,1102,,,,,,,2021-01-02
501,101,RAD DOGS,らっどどっぐす,easy,6,,204,,,,,,,2021-01-31
502,101,RAD DOGS,らっどどっぐす,normal,12,,418,,,,,,,2021-01-31
503,101,RAD DOGS,らっどどっぐす,hard,18,,743,,,,,,,2021-01-31
504,101,RAD DOGS,らっどどっぐす,expert,26,,1067,,,,,,,2021-01-31
505,101,RAD DOGS,らっどどっぐす,master,30,,1197,,,,,,,2021-01-31
4106,101,RAD DOGS,らっどどっぐす,append,32,,1335,,,,,,,2021-01-31
506,102,幽霊東京,ゆうれいとうきょう,easy,7,,184,,,,,,,2021-05-03
507,102,幽霊東京,ゆうれいとうきょう,normal,13,,375,,,,,,,2021-05-03
508,102,幽霊東京,ゆうれいとうきょう,hard,17,,595,,,,,,,2021-05-03
509,102,幽霊東京,ゆうれいとうきょう,expert,24,,904,,,,,,,2021-05-03
510,102,幽霊東京,ゆうれいとうきょう,master,27,,1053,,,,,,,2021-05-03
511,103,ニジイロストーリーズ,にじいろすとーりーず,easy,9,,284,,,,,,,2020-12-20
512,103,ニジイロストーリーズ,にじいろすとーりーず,normal,13,,428,,,,,,,2020-12-20
513,103,ニジイロストーリーズ,にじいろすとーりーず,hard,18,,673,,,,,,,2020-12-20
514,103,ニジイロストーリーズ,にじいろすとーりーず,expert,25,,881,,,,,,,2020-12-20
515,103,ニジイロストーリーズ,にじいろすとーりーず,master,29,,1054,,,,,,,2020-12-20
516,104,サンドリヨン 10th Anniversary,さんどりよんてんすあにばーさりー,easy,6,,200,,,,,,,2022-01-01
517,104,サンドリヨン 10th Anniversary,さんどりよんてんすあにばーさりー,normal,12,,311,,,,,,,2022-01-01
518,104,サンドリヨン 10th Anniversary,さんどりよんてんすあにばーさりー,hard,17,,499,,,,,,,2022-01-01
519,104,サンドリヨン 10th Anniversary,さんどりよんてんすあにばーさりー,expert,25,,735,,,,,,,2022-01-01
520,104,サンドリヨン 10th Anniversary,さんどりよんてんすあにばーさりー,master,29,,913,,,,,,,2022-01-01
521,105,ワンスアポンアドリーム,わんすあぽんあどりーむ,easy,6,,161,,,,,,,2021-02-28
522,105,ワンスアポンアドリーム,わんすあぽんあどりーむ,normal,11,,264,,,,,,,2021-02-28
523,105,ワンスアポンアドリーム,わんすあぽんあどりーむ,hard,16,,478,,,,,,,2021-02-28
524,105,ワンスアポンアドリーム,わんすあぽんあどりーむ,expert,22,,683,,,,,,,2021-02-28
525,105,ワンスアポンアドリーム,わんすあぽんあどりーむ,master,28,,871,,,,,,,2021-02-28
4081,105,ワンスアポンアドリーム,わんすあぽんあどりーむ,append,28,,1054,,,,,,,2021-02-28
526,106,お気に召すまま,おきにめすまま,easy,6,,151,,,,,,,2021-04-05
527,106,お気に召すまま,おきにめすまま,normal,12,,339,,,,,,,2021-04-05
528,106,お気に召すまま,おきにめすまま,hard,18,,583,,,,,,,2021-04-05
529,106,お気に召すまま,おきにめすまま,expert,24,,808,,,,,,,2021-04-05
530,106,お気に召すまま,おきにめすまま,master,29,,988,,,,,,,2021-04-05
4150,106,お気に召すまま,おきにめすまま,append,30,,1003,,,,,,,2021-04-05
531,107,ミルククラウン・オン・ソーネチカ,みるくくらうんおんそーねちか,easy,7,,163,,,,,,,2021-02-06
532,107,ミルククラウン・オン・ソーネチカ,みるくくらうんおんそーねちか,normal,13,,497,,,,,,,2021-02-06
533,107,ミルククラウン・オン・ソーネチカ,みるくくらうんおんそーねちか,hard,18,,752,,,,,,,2021-02-06
534,107,ミルククラウン・オン・ソーネチカ,みるくくらうんおんそーねちか,expert,26,,1025,,,,,,,2021-02-06
535,107,ミルククラウン・オン・ソーネチカ,みるくくらうんおんそーねちか,master,30,,1226,,,,,,,2021-02-06
4145,107,ミルククラウン・オン・ソーネチカ,みるくくらうんおんそーねちか,append,31,,1495,,,,,,,2021-02-06
536,108,愛されなくても君がいる,あいされなくてもきみがいる,easy,7,,194,,,,,,,2020-11-30
537,108,愛されなくても君がいる,あいされなくてもきみがいる,normal,12,,407,,,,,,,2020-11-30
538,108,愛されなくても君がいる,あいされなくてもきみがいる,hard,16,,589,,,,,,,2020-11-30
539,108,愛されなくても君がいる,あいされなくてもきみがいる,expert,23,,914,,,,,,,2020-11-30
540,108,愛されなくても君がいる,あいされなくてもきみがいる,master,27,,1075,,,,,,,2020-11-30
541,109,ヒビカセ,ひびかせ,easy,7,,146,,,,,,,2021-01-18
542,109,ヒビカセ,ひびかせ,normal,12,,292,,,,,,,2021-01-18
543,109,ヒビカセ,ひびかせ,hard,17,,572,,,,,,,2021-01-18
544,109,ヒビカセ,ひびかせ,expert,25,,898,,,,,,,2021-01-18
545,109,ヒビカセ,ひびかせ,master,28,,1019,,,,,,,2021-01-18
546,110,千本桜,せんぼんざくら,easy,7,,206,,,,,,,2021-01-01
547,110,千本桜,せんぼんざくら,normal,14,,427,,,,,,,2021-01-01
548,110,千本桜,せんぼんざくら,hard,20,,777,,,,,,,2021-01-01
549,110,千本桜,せんぼんざくら,expert,26,,1000,,,,,,,2021-01-01
550,110,千本桜,せんぼんざくら,master,32,,1257,,,,,,,2021-01-01
4144,110,千本桜,せんぼんざくら,append,31,,1230,,,,,,,2021-01-01
551,111,カトラリー,かとらりー,easy,5,,125,,,,,,,2021-09-21
552,111,カトラリー,かとらりー,normal,12,,244,,,,,,,2021-09-21
553,111,カトラリー,かとらりー,hard,18,,459,,,,,,,2021-09-21
554,111,カトラリー,かとらりー,expert,25,,686,,,,,,,2021-09-21
555,111,カトラリー,かとらりー,master,29,,806,,,,,,,2021-09-21
556,112,天使のクローバー,てんしのくろーばー,easy,9,,212,,,,,,,2021-03-30
557,112,天使のクローバー,てんしのくろーばー,normal,13,,390,,,,,,,2021-03-30
558,112,天使のクローバー,てんしのくろーばー,hard,17,,636,,,,,,,2021-03-30
559,112,天使のクローバー,てんしのくろーばー,expert,27,,985,,,,,,,2021-03-30
560,112,天使のクローバー,てんしのくろーばー,master,31,,1235,,,,,,,2021-03-30
561,113,ローリンガール,ろーりんがーる,easy,8,,235,,,,,,,2020-11-14
562,113,ローリンガール,ろーりんがーる,normal,12,,293,,,,,,,2020-11-14
563,113,ローリンガール,ろーりんがーる,hard,18,,776,,,,,,,2020-11-14
564,113,ローリンガール,ろーりんがーる,expert,26,,1156,,,,,,,2020-11-14
565,113,ローリンガール,ろーりんがーる,master,31,,1396,,,,,,,2020-11-14
566,114,裏表ラバーズ,うらおもてらばーず,easy,8,,152,,,,,,,2020-11-21
567,114,裏表ラバーズ,うらおもてらばーず,normal,12,,304,,,,,,,2020-11-21
568,114,裏表ラバーズ,うらおもてらばーず,hard,18,,615,,,,,,,2020-11-21
569,114,裏表ラバーズ,うらおもてらばーず,expert,26,,1017,,,,,,,2020-11-21
570,114,裏表ラバーズ,うらおもてらばーず,master,30,,1151,,,,,,,2020-11-21
571,115,アンノウン・マザーグース,あんのうんまざーぐーす,easy,8,,290,,,,,,,2020-11-23
572,115,アンノウン・マザーグース,あんのうんまざーぐーす,normal,12,,462,,,,,,,2020-11-23
573,115,アンノウン・マザーグース,あんのうんまざーぐーす,hard,17,,856,,,,,,,2020-11-23
574,115,アンノウン・マザーグース,あんのうんまざーぐーす,expert,26,,1080,,,,,,,2020-11-23
575,115,アンノウン・マザーグース,あんのうんまざーぐーす,master,30,,1292,,,,,,,2020-11-23
576,116,アイディスマイル,あいでぃすまいる,easy,7,,263,,,,,,,2021-04-19
577,116,アイディスマイル,あいでぃすまいる,normal,12,,439,,,,,,,2021-04-19
578,116,アイディスマイル,あいでぃすまいる,hard,17,,703,,,,,,,2021-04-19
579,116,アイディスマイル,あいでぃすまいる,expert,25,,985,,,,,,,2021-04-19
580,116,アイディスマイル,あいでぃすまいる,master,28,,1247,,,,,,,2021-04-19
4014,116,アイディスマイル,あいでぃすまいる,append,26,,1216,,,,,,,2021-04-19
581,117,ODDS＆ENDS,おっずあんどえんず,easy,8,,199,,,,,,,2020-12-24
582,117,ODDS＆ENDS,おっずあんどえんず,normal,12,,310,,,,,,,2020-12-24
583,117,ODDS＆ENDS,おっずあんどえんず,hard,18,,509,,,,,,,2020-12-24
584,117,ODDS＆ENDS,おっずあんどえんず,expert,24,,739,,,,,,,2020-12-24
585,117,ODDS＆ENDS,おっずあんどえんず,master,29,,921,,,,,,,2020-12-24
586,118,＊ハロー、プラネット。,はろーぷらねっと,easy,6,,219,,,,,,,2020-12-31
587,118,＊ハロー、プラネット。,はろーぷらねっと,normal,10,,343,,,,,,,2020-12-31
588,118,＊ハロー、プラネット。,はろーぷらねっと,hard,17,,730,,,,,,,2020-12-31
589,118,＊ハロー、プラネット。,はろーぷらねっと,expert,24,,931,,,,,,,2020-12-31
590,118,＊ハロー、プラネット。,はろーぷらねっと,master,29,,1076,,,,,,,2020-12-31
591,119,ワールズエンド・ダンスホール,わーるずえんどだんすほーる,easy,7,,131,,,,,,,2021-01-14
592,119,ワールズエンド・ダンスホール,わーるずえんどだんすほーる,normal,12,,233,,,,,,,2021-01-14
593,119,ワールズエンド・ダンスホール,わーるずえんどだんすほーる,hard,18,,694,,,,,,,2021-01-14
594,119,ワールズエンド・ダンスホール,わーるずえんどだんすほーる,expert,26,,957,,,,,,,2021-01-14
595,119,ワールズエンド・ダンスホール,わーるずえんどだんすほーる,master,30,,1044,,,,,,,2021-01-14
596,120,いかないで,いかないで,easy,8,,230,,,,,,,2021-05-28
597,120,いかないで,いかないで,normal,13,,384,,,,,,,2021-05-28
598,120,いかないで,いかないで,hard,18,,626,,,,,,,2021-05-28
599,120,いかないで,いかないで,expert,25,,977,,,,,,,2021-05-28
600,120,いかないで,いかないで,master,29,,1173,,,,,,,2021-05-28
4062,120,いかないで,いかないで,append,27,,1212,,,,,,,2021-05-28
601,121,ロミオとシンデレラ,ろみおとしんでれら,easy,7,,188,,,,,,,2021-06-07
602,121,ロミオとシンデレラ,ろみおとしんでれら,normal,12,,342,,,,,,,2021-06-07
603,121,ロミオとシンデレラ,ろみおとしんでれら,hard,17,,571,,,,,,,2021-06-07
604,121,ロミオとシンデレラ,ろみおとしんでれら,expert,24,,856,,,,,,,2021-06-07
605,121,ロミオとシンデレラ,ろみおとしんでれら,master,28,,1035,,,,,,,2021-06-07
606,122,ポジティブ☆ダンスタイム,ぽじてぃぶだんすたいむ,easy,9,,201,,,,,,,2021-02-19
607,122,ポジティブ☆ダンスタイム,ぽじてぃぶだんすたいむ,normal,14,,507,,,,,,,2021-02-19
608,122,ポジティブ☆ダンスタイム,ぽじてぃぶだんすたいむ,hard,18,,637,,,,,,,2021-02-19
609,122,ポジティブ☆ダンスタイム,ぽじてぃぶだんすたいむ,expert,26,,965,,,,,,,2021-02-19
610,122,ポジティブ☆ダンスタイム,ぽじてぃぶだんすたいむ,master,31,,1154,,,,,,,2021-02-19
611,123,どりーみんチュチュ,どりーみんちゅちゅ,easy,6,,225,,,,,,,2021-04-12
612,123,どりーみんチュチュ,どりーみんちゅちゅ,normal,13,,367,,,,,,,2021-04-12
613,123,どりーみんチュチュ,どりーみんちゅちゅ,hard,17,,567,,,,,,,2021-04-12
614,123,どりーみんチュチュ,どりーみんちゅちゅ,expert,23,,873,,,,,,,2021-04-12
615,123,どりーみんチュチュ,どりーみんちゅちゅ,master,27,,1074,,,,,,,2021-04-12
616,124,みくみくにしてあげる♪【してやんよ】,みくみくにしてあげるしてやんよ,easy,7,,139,,,,,,,2021-03-09
617,124,みくみくにしてあげる♪【してやんよ】,みくみくにしてあげるしてやんよ,normal,12,,339,,,,,,,2021-03-09
618,124,みくみくにしてあげる♪【してやんよ】,みくみくにしてあげるしてやんよ,hard,17,,439,,,,,,,2021-03-09
619,124,みくみくにしてあげる♪【してやんよ】,みくみくにしてあげるしてやんよ,expert,24,,739,,,,,,,2021-03-09
620,124,みくみくにしてあげる♪【してやんよ】,みくみくにしてあげるしてやんよ,master,28,,939,,,,,,,2021-03-09
4041,124,みくみくにしてあげる♪【してやんよ】,みくみくにしてあげるしてやんよ,append,29,,1039,,,,,,,2021-03-09
621,125,ボッカデラベリタ,ぼっかでらべりた,easy,7,,196,,,,,,,2021-03-06
622,125,ボッカデラベリタ,ぼっかでらべりた,normal,13,,416,,,,,,,2021-03-06
623,125,ボッカデラベリタ,ぼっかでらべりた,hard,18,,615,,,,,,,2021-03-06
624,125,ボッカデラベリタ,ぼっかでらべりた,expert,25,,884,,,,,,,2021-03-06
625,125,ボッカデラベリタ,ぼっかでらべりた,master,29,,1119,,,,,,,2021-03-06
626,126,シネマ,しねま,easy,6,,105,,,,,,,2021-05-08
627,126,シネマ,しねま,normal,12,,254,,,,,,,2021-05-08
628,126,シネマ,しねま,hard,18,,465,,,,,,,2021-05-08
629,126,シネマ,しねま,expert,24,,616,,,,,,,2021-05-08
630,126,シネマ,しねま,master,29,,800,,,,,,,2021-05-08
4006,126,シネマ,しねま,append,29,,992,,,,,,,2021-05-08
631,127,トンデモワンダーズ,とんでもわんだーず,easy,9,,356,,,,,,,2021-06-19
632,127,トンデモワンダーズ,とんでもわんだーず,normal,14,,465,,,,,,,2021-06-19
633,127,トンデモワンダーズ,とんでもわんだーず,hard,19,,707,,,,,,,2021-06-19
634,127,トンデモワンダーズ,とんでもわんだーず,expert,27,,1122,,,,,,,2021-06-19
635,127,トンデモワンダーズ,とんでもわんだーず,master,32,,1224,,,,,,,2021-06-19
4008,127,トンデモワンダーズ,とんでもわんだーず,append,33,,1631,,,,,,,2021-06-19
636,128,Brand New Day,ぶらんどにゅーでい,easy,9,,300,,,,,,,2021-02-22
637,128,Brand New Day,ぶらんどにゅーでい,normal,14,,378,,,,,,,2021-02-22
638,128,Brand New Day,ぶらんどにゅーでい,hard,19,,829,,,,,,,2021-02-22
639,128,Brand New Day,ぶらんどにゅーでい,expert,28,,1260,,,,,,,2021-02-22
640,128,Brand New Day,ぶらんどにゅーでい,master,32,,1316,,,,,,,2021-02-22
4013,128,Brand New Day,ぶらんどにゅーでい,append,35,,1894,,,,,,,2021-02-22
641,129,ビターチョコデコレーション,びたーちょこでこれーしょん,easy,7,,263,,,,,,,2021-07-28
642,129,ビターチョコデコレーション,びたーちょこでこれーしょん,normal,12,,395,,,,,,,2021-07-28
643,129,ビターチョコデコレーション,びたーちょこでこれーしょん,hard,19,,726,,,,,,,2021-07-28
644,129,ビターチョコデコレーション,びたーちょこでこれーしょん,expert,25,,1059,,,,,,,2021-07-28
645,129,ビターチョコデコレーション,びたーちょこでこれーしょん,master,32,,1377,,,,,,,2021-07-28
646,130,フロムトーキョー,ふろむとーきょー,easy,6,,137,,,,,,,2021-07-07
647,130,フロムトーキョー,ふろむとーきょー,normal,12,,227,,,,,,,2021-07-07
648,130,フロムトーキョー,ふろむとーきょー,hard,18,,441,,,,,,,2021-07-07
649,130,フロムトーキョー,ふろむとーきょー,expert,24,,640,,,,,,,2021-07-07
650,130,フロムトーキョー,ふろむとーきょー,master,28,,814,,,,,,,2021-07-07
651,131,初音ミクの激唱,はつねみくのげきしょう,easy,9,,409,,,,,,,2021-03-30
652,131,初音ミクの激唱,はつねみくのげきしょう,normal,14,,707,,,,,,,2021-03-30
653,131,初音ミクの激唱,はつねみくのげきしょう,hard,20,,963,,,,,,,2021-03-30
654,131,初音ミクの激唱,はつねみくのげきしょう,expert,30,,1520,,,,,,,2021-03-30
655,131,初音ミクの激唱,はつねみくのげきしょう,master,34,,1742,,,,,,,2021-03-30
656,132,「１」,いち,easy,8,,190,,,,,,,2021-04-21
657,132,「１」,いち,normal,13,,368,,,,,,,2021-04-21
658,132,「１」,いち,hard,16,,444,,,,,,,2021-04-21
659,132,「１」,いち,expert,23,,619,,,,,,,2021-04-21
660,132,「１」,いち,master,27,,814,,,,,,,2021-04-21
4093,132,「１」,いち,append,28,,1001,,,,,,,2021-04-21
661,133,悪魔の踊り方,あくまのおどりかた,easy,5,,147,,,,,,,2021-10-08
662,133,悪魔の踊り方,あくまのおどりかた,normal,12,,290,,,,,,,2021-10-08
663,133,悪魔の踊り方,あくまのおどりかた,hard,19,,588,,,,,,,2021-10-08
664,133,悪魔の踊り方,あくまのおどりかた,expert,26,,792,,,,,,,2021-10-08
665,133,悪魔の踊り方,あくまのおどりかた,master,31,,938,,,,,,,2021-10-08
666,134,テレキャスタービーボーイ,てれきゃすたーびーぼーい,easy,8,,169,,,,,,,2021-10-06
667,134,テレキャスタービーボーイ,てれきゃすたーびーぼーい,normal,13,,280,,,,,,,2021-10-06
668,134,テレキャスタービーボーイ,てれきゃすたーびーぼーい,hard,18,,501,,,,,,,2021-10-06
669,134,テレキャスタービーボーイ,てれきゃすたーびーぼーい,expert,25,,726,,,,,,,2021-10-06
670,134,テレキャスタービーボーイ,てれきゃすたーびーぼーい,master,29,,898,,,,,,,2021-10-06
4009,134,テレキャスタービーボーイ,てれきゃすたーびーぼーい,append,31,,1159,,,,,,,2021-10-06
671,135,六兆年と一夜物語,ろくちょうねんといちやものがたり,easy,9,,283,,,,,,,2021-07-12
672,135,六兆年と一夜物語,ろくちょうねんといちやものがたり,normal,14,,448,,,,,,,2021-07-12
673,135,六兆年と一夜物語,ろくちょうねんといちやものがたり,hard,20,,741,,,,,,,2021-07-12
674,135,六兆年と一夜物語,ろくちょうねんといちやものがたり,expert,29,,1099,,,,,,,2021-07-12
675,135,六兆年と一夜物語,ろくちょうねんといちやものがたり,master,35,,1288,,,,,,,2021-07-12
4141,135,六兆年と一夜物語,ろくちょうねんといちやものがたり,append,35,,1723,,,,,,,2021-07-12
676,136,チルドレンレコード,ちるどれんれこーど,easy,9,,250,,,,,,,2021-08-23
677,136,チルドレンレコード,ちるどれんれこーど,normal,14,,564,,,,,,,2021-08-23
678,136,チルドレンレコード,ちるどれんれこーど,hard,19,,823,,,,,,,2021-08-23
679,136,チルドレンレコード,ちるどれんれこーど,expert,27,,1234,,,,,,,2021-08-23
680,136,チルドレンレコード,ちるどれんれこーど,master,32,,1502,,,,,,,2021-08-23
5369,136,チルドレンレコード,ちるどれんれこーど,append,34,,1627,,,,,,,2021-08-23
681,137,花を唄う,はなをうたう,easy,6,,157,,,,,,,2021-04-26
682,137,花を唄う,はなをうたう,normal,12,,298,,,,,,,2021-04-26
683,137,花を唄う,はなをうたう,hard,19,,565,,,,,,,2021-04-26
684,137,花を唄う,はなをうたう,expert,25,,807,,,,,,,2021-04-26
685,137,花を唄う,はなをうたう,master,30,,878,,,,,,,2021-04-26
686,138,KING,きんぐ,easy,7,,222,,,,,,,2021-05-17
687,138,KING,きんぐ,normal,14,,466,,,,,,,2021-05-17
688,138,KING,きんぐ,hard,19,,694,,,,,,,2021-05-17
689,138,KING,きんぐ,expert,25,,1002,,,,,,,2021-05-17
690,138,KING,きんぐ,master,30,,1251,,,,,,,2021-05-17
4050,138,KING,きんぐ,append,28,,1388,,,,,,,2021-05-17
691,139,夜に駆ける,よるにかける,easy,6,,182,,,,,,,2021-05-01
692,139,夜に駆ける,よるにかける,normal,11,,357,,,,,,,2021-05-01
693,139,夜に駆ける,よるにかける,hard,18,,594,,,,,,,2021-05-01
694,139,夜に駆ける,よるにかける,expert,25,,932,,,,,,,2021-05-01
695,139,夜に駆ける,よるにかける,master,30,,1140,,,,,,,2021-05-01
696,140,アイスドロップ,あいすどろっぷ,easy,7,,162,,,,,,,2021-08-18
697,140,アイスドロップ,あいすどろっぷ,normal,12,,267,,,,,,,2021-08-18
698,140,アイスドロップ,あいすどろっぷ,hard,18,,484,,,,,,,2021-08-18
699,140,アイスドロップ,あいすどろっぷ,expert,24,,704,,,,,,,2021-08-18
700,140,アイスドロップ,あいすどろっぷ,master,27,,802,,,,,,,2021-08-18
701,141,群青讃歌,ぐんじょうさんか,easy,7,,199,,,,,,,2021-09-29
702,141,群青讃歌,ぐんじょうさんか,normal,13,,344,,,,,,,2021-09-29
703,141,群青讃歌,ぐんじょうさんか,hard,17,,475,,,,,,,2021-09-29
704,141,群青讃歌,ぐんじょうさんか,expert,24,,711,,,,,,,2021-09-29
705,141,群青讃歌,ぐんじょうさんか,master,27,,833,,,,,,,2021-09-29
4094,141,群青讃歌,ぐんじょうさんか,append,29,,1254,,,,,,,2021-09-29
706,142,再生,さいせい,easy,5,,124,,,,,,,2021-09-29
707,142,再生,さいせい,normal,11,,221,,,,,,,2021-09-29
708,142,再生,さいせい,hard,15,,308,,,,,,,2021-09-29
709,142,再生,さいせい,expert,22,,458,,,,,,,2021-09-29
710,142,再生,さいせい,master,26,,547,,,,,,,2021-09-29
711,143,トラフィック・ジャム,とらふぃっくじゃむ,easy,6,,177,,,,,,,2021-06-30
712,143,トラフィック・ジャム,とらふぃっくじゃむ,normal,13,,371,,,,,,,2021-06-30
713,143,トラフィック・ジャム,とらふぃっくじゃむ,hard,18,,638,,,,,,,2021-06-30
714,143,トラフィック・ジャム,とらふぃっくじゃむ,expert,24,,896,,,,,,,2021-06-30
715,143,トラフィック・ジャム,とらふぃっくじゃむ,master,28,,1089,,,,,,,2021-06-30
716,144,アイノマテリアル,あいのまてりある,easy,6,,159,,,,,,,2021-05-21
717,144,アイノマテリアル,あいのまてりある,normal,11,,291,,,,,,,2021-05-21
718,144,アイノマテリアル,あいのまてりある,hard,16,,457,,,,,,,2021-05-21
719,144,アイノマテリアル,あいのまてりある,expert,22,,643,,,,,,,2021-05-21
720,144,アイノマテリアル,あいのまてりある,master,26,,814,,,,,,,2021-05-21
721,145,ベノム,べのむ,easy,7,,216,,,,,,,2021-10-04
722,145,ベノム,べのむ,normal,13,,372,,,,,,,2021-10-04
723,145,ベノム,べのむ,hard,18,,649,,,,,,,2021-10-04
724,145,ベノム,べのむ,expert,26,,972,,,,,,,2021-10-04
725,145,ベノム,べのむ,master,29,,1138,,,,,,,2021-10-04
726,146,リモコン,りもこん,easy,7,,304,,,,,,,2022-05-16
727,146,リモコン,りもこん,normal,12,,480,,,,,,,2022-05-16
728,146,リモコン,りもこん,hard,17,,612,,,,,,,2022-05-16
729,146,リモコン,りもこん,expert,24,,903,,,,,,,2022-05-16
730,146,リモコン,りもこん,master,29,,1206,,,,,,,2022-05-16
731,147,からくりピエロ,からくりぴえろ,easy,5,,163,,,,,,,2021-11-29
732,147,からくりピエロ,からくりぴえろ,normal,11,,306,,,,,,,2021-11-29
733,147,からくりピエロ,からくりぴえろ,hard,16,,489,,,,,,,2021-11-29
734,147,からくりピエロ,からくりぴえろ,expert,23,,714,,,,,,,2021-11-29
735,147,からくりピエロ,からくりぴえろ,master,27,,1005,,,,,,,2021-11-29
736,148,ray,れい,easy,6,,213,,,,,,,2021-10-12
737,148,ray,れい,normal,12,,333,,,,,,,2021-10-12
738,148,ray,れい,hard,16,,597,,,,,,,2021-10-12
739,148,ray,れい,expert,24,,978,,,,,,,2021-10-12
740,148,ray,れい,master,26,,1092,,,,,,,2021-10-12
741,149,カナデトモスソラ,かなでともすそら,easy,6,,213,,,,,,,2021-06-21
742,149,カナデトモスソラ,かなでともすそら,normal,11,,312,,,,,,,2021-06-21
743,149,カナデトモスソラ,かなでともすそら,hard,15,,405,,,,,,,2021-06-21
744,149,カナデトモスソラ,かなでともすそら,expert,22,,522,,,,,,,2021-06-21
745,149,カナデトモスソラ,かなでともすそら,master,26,,703,,,,,,,2021-06-21
4086,149,カナデトモスソラ,かなでともすそら,append,24,,1020,,,,,,,2021-06-21
746,150,トキヲ・ファンカ,ときをふぁんか,easy,6,,129,,,,,,,2021-10-07
747,150,トキヲ・ファンカ,ときをふぁんか,normal,11,,243,,,,,,,2021-10-07
748,150,トキヲ・ファンカ,ときをふぁんか,hard,18,,543,,,,,,,2021-10-07
749,150,トキヲ・ファンカ,ときをふぁんか,expert,25,,780,,,,,,,2021-10-07
750,150,トキヲ・ファンカ,ときをふぁんか,master,28,,859,,,,,,,2021-10-07
4043,150,トキヲ・ファンカ,ときをふぁんか,append,29,,997,,,,,,,2021-10-07
751,151,泡沫未来,うたかたみらい,easy,8,,232,,,,,,,2021-06-14
752,151,泡沫未来,うたかたみらい,normal,12,,354,,,,,,,2021-06-14
753,151,泡沫未来,うたかたみらい,hard,17,,559,,,,,,,2021-06-14
754,151,泡沫未来,うたかたみらい,expert,25,,750,,,,,,,2021-06-14
755,151,泡沫未来,うたかたみらい,master,30,,903,,,,,,,2021-06-14
4061,151,泡沫未来,うたかたみらい,append,30,,1070,,,,,,,2021-06-14
756,152,だれかの心臓になれたなら,だれかのしんぞうになれたら,easy,7,,169,,,,,,,2021-10-09
757,152,だれかの心臓になれたなら,だれかのしんぞうになれたら,normal,12,,323,,,,,,,2021-10-09
758,152,だれかの心臓になれたなら,だれかのしんぞうになれたら,hard,18,,553,,,,,,,2021-10-09
759,152,だれかの心臓になれたなら,だれかのしんぞうになれたら,expert,25,,811,,,,,,,2021-10-09
760,152,だれかの心臓になれたなら,だれかのしんぞうになれたら,master,29,,1044,,,,,,,2021-10-09
761,153,Miku,みく,easy,6,,200,,,,,,,2022-03-09
762,153,Miku,みく,normal,12,,405,,,,,,,2022-03-09
763,153,Miku,みく,hard,17,,638,,,,,,,2022-03-09
764,153,Miku,みく,expert,24,,990,,,,,,,2022-03-09
765,153,Miku,みく,master,29,,1106,,,,,,,2022-03-09
766,154,地球最後の告白を,ちきゅうさいごのこくはくを,easy,8,,298,,,,,,,2021-07-19
767,154,地球最後の告白を,ちきゅうさいごのこくはくを,normal,13,,389,,,,,,,2021-07-19
768,154,地球最後の告白を,ちきゅうさいごのこくはくを,hard,18,,563,,,,,,,2021-07-19
769,154,地球最後の告白を,ちきゅうさいごのこくはくを,expert,25,,884,,,,,,,2021-07-19
770,154,地球最後の告白を,ちきゅうさいごのこくはくを,master,31,,1164,,,,,,,2021-07-19
4029,154,地球最後の告白を,ちきゅうさいごのこくはくを,append,32,,1643,,,,,,,2021-07-19
771,155,心拍数♯0822,しんぱくすうしゃーぷぜろはちにーにー,easy,5,,197,,,,,,,2022-01-24
772,155,心拍数♯0822,しんぱくすうしゃーぷぜろはちにーにー,normal,11,,308,,,,,,,2022-01-24
773,155,心拍数♯0822,しんぱくすうしゃーぷぜろはちにーにー,hard,16,,501,,,,,,,2022-01-24
774,155,心拍数♯0822,しんぱくすうしゃーぷぜろはちにーにー,expert,23,,675,,,,,,,2022-01-24
775,155,心拍数♯0822,しんぱくすうしゃーぷぜろはちにーにー,master,27,,843,,,,,,,2022-01-24
776,156,Beat Eater,びーといーたー,easy,6,,118,,,,,,,2021-07-09
777,156,Beat Eater,びーといーたー,normal,11,,251,,,,,,,2021-07-09
778,156,Beat Eater,びーといーたー,hard,17,,481,,,,,,,2021-07-09
779,156,Beat Eater,びーといーたー,expert,25,,772,,,,,,,2021-07-09
780,156,Beat Eater,びーといーたー,master,29,,798,,,,,,,2021-07-09
4054,156,Beat Eater,びーといーたー,append,28,,852,,,,,,,2021-07-09
781,157,マシュマリー,ましゅまりー,easy,8,,328,,,,,,,2021-10-10
782,157,マシュマリー,ましゅまりー,normal,11,,469,,,,,,,2021-10-10
783,157,マシュマリー,ましゅまりー,hard,18,,848,,,,,,,2021-10-10
784,157,マシュマリー,ましゅまりー,expert,26,,1123,,,,,,,2021-10-10
785,157,マシュマリー,ましゅまりー,master,29,,1303,,,,,,,2021-10-10
786,158,ナンセンス文学,なんせんすぶんがく,easy,7,,234,,,,,,,2022-02-24
787,158,ナンセンス文学,なんせんすぶんがく,normal,11,,390,,,,,,,2022-02-24
788,158,ナンセンス文学,なんせんすぶんがく,hard,18,,604,,,,,,,2022-02-24
789,158,ナンセンス文学,なんせんすぶんがく,expert,25,,856,,,,,,,2022-02-24
790,158,ナンセンス文学,なんせんすぶんがく,master,29,,1180,,,,,,,2022-02-24
791,159,STAGE OF SEKAI,すてーじおぶせかい,easy,8,,278,,,,,,,2021-11-18
792,159,STAGE OF SEKAI,すてーじおぶせかい,normal,12,,454,,,,,,,2021-11-18
793,159,STAGE OF SEKAI,すてーじおぶせかい,hard,17,,621,,,,,,,2021-11-18
794,159,STAGE OF SEKAI,すてーじおぶせかい,expert,25,,1005,,,,,,,2021-11-18
795,159,STAGE OF SEKAI,すてーじおぶせかい,master,30,,1156,,,,,,,2021-11-18
796,160,ショウタイム・ルーラー,しょうたいむるーらー,easy,9,,198,,,,,,,2021-10-29
797,160,ショウタイム・ルーラー,しょうたいむるーらー,normal,13,,326,,,,,,,2021-10-29
798,160,ショウタイム・ルーラー,しょうたいむるーらー,hard,19,,541,,,,,,,2021-10-29
799,160,ショウタイム・ルーラー,しょうたいむるーらー,expert,25,,819,,,,,,,2021-10-29
800,160,ショウタイム・ルーラー,しょうたいむるーらー,master,31,,1063,,,,,,,2021-10-29
4104,160,ショウタイム・ルーラー,しょうたいむるーらー,append,31,,1163,,,,,,,2021-10-29
801,161,magic number,まじっくなんばー,easy,6,,98,,,,,,,2021-09-01
802,161,magic number,まじっくなんばー,normal,11,,280,,,,,,,2021-09-01
803,161,magic number,まじっくなんばー,hard,18,,535,,,,,,,2021-09-01
804,161,magic number,まじっくなんばー,expert,25,,818,,,,,,,2021-09-01
805,161,magic number,まじっくなんばー,master,30,,988,,,,,,,2021-09-01
806,162,エンドマークに希望と涙を添えて,えんどまーくにきぼうとなみだをそえて,easy,9,,440,,,,,,,2022-01-08
807,162,エンドマークに希望と涙を添えて,えんどまーくにきぼうとなみだをそえて,normal,15,,697,,,,,,,2022-01-08
808,162,エンドマークに希望と涙を添えて,えんどまーくにきぼうとなみだをそえて,hard,23,,1129,,,,,,,2022-01-08
809,162,エンドマークに希望と涙を添えて,えんどまーくにきぼうとなみだをそえて,expert,31,,1553,,,,,,,2022-01-08
810,162,エンドマークに希望と涙を添えて,えんどまーくにきぼうとなみだをそえて,master,35,,1948,,,,,,,2022-01-08
811,163,the EmpErroR,じえんぺらー,easy,9,,531,,,,,,,2022-01-09
812,163,the EmpErroR,じえんぺらー,normal,15,,820,,,,,,,2022-01-09
813,163,the EmpErroR,じえんぺらー,hard,23,,894,,,,,,,2022-01-09
814,163,the EmpErroR,じえんぺらー,expert,31,,1223,,,,,,,2022-01-09
815,163,the EmpErroR,じえんぺらー,master,36,,1593,,,,,,,2022-01-09
816,164,Don't Fight The Music,どんとふぁいとざみゅーじっく,easy,9,,520,,,,,,,2022-01-10
817,164,Don't Fight The Music,どんとふぁいとざみゅーじっく,normal,15,,701,,,,,,,2022-01-10
818,164,Don't Fight The Music,どんとふぁいとざみゅーじっく,hard,23,,1175,,,,,,,2022-01-10
819,164,Don't Fight The Music,どんとふぁいとざみゅーじっく,expert,30,,1545,,,,,,,2022-01-10
820,164,Don't Fight The Music,どんとふぁいとざみゅーじっく,master,35,,1888,,,,,,,2022-01-10
821,165,そうだった！！,そうだった,easy,8,,258,,,,,,,2021-08-06
822,165,そうだった！！,そうだった,normal,14,,409,,,,,,,2021-08-06
823,165,そうだった！！,そうだった,hard,19,,794,,,,,,,2021-08-06
824,165,そうだった！！,そうだった,expert,27,,1175,,,,,,,2021-08-06
825,165,そうだった！！,そうだった,master,31,,1297,,,,,,,2021-08-06
826,166,Glory Steady Go!,ぐろーりーすてでぃごー,easy,7,,120,,,,,,,2021-08-20
827,166,Glory Steady Go!,ぐろーりーすてでぃごー,normal,12,,247,,,,,,,2021-08-20
828,166,Glory Steady Go!,ぐろーりーすてでぃごー,hard,18,,484,,,,,,,2021-08-20
829,166,Glory Steady Go!,ぐろーりーすてでぃごー,expert,25,,738,,,,,,,2021-08-20
830,166,Glory Steady Go!,ぐろーりーすてでぃごー,master,30,,875,,,,,,,2021-08-20
831,167,オルターエゴ,おるたーえご,easy,8,,301,,,,,,,2021-11-10
832,167,オルターエゴ,おるたーえご,normal,12,,545,,,,,,,2021-11-10
833,167,オルターエゴ,おるたーえご,hard,17,,787,,,,,,,2021-11-10
834,167,オルターエゴ,おるたーえご,expert,26,,1175,,,,,,,2021-11-10
835,167,オルターエゴ,おるたーえご,master,31,,1557,,,,,,,2021-11-10
836,168,ダーリンダンス,だーりんだんす,easy,7,,190,,,,,,,2022-04-25
837,168,ダーリンダンス,だーりんだんす,normal,12,,332,,,,,,,2022-04-25
838,168,ダーリンダンス,だーりんだんす,hard,17,,572,,,,,,,2022-04-25
839,168,ダーリンダンス,だーりんだんす,expert,25,,824,,,,,,,2022-04-25
840,168,ダーリンダンス,だーりんだんす,master,30,,912,,,,,,,2022-04-25
841,169,少女レイ,しょうじょれい,easy,7,,326,,,,,,,2022-01-02
842,169,少女レイ,しょうじょれい,normal,14,,561,,,,,,,2022-01-02
843,169,少女レイ,しょうじょれい,hard,17,,816,,,,,,,2022-01-02
844,169,少女レイ,しょうじょれい,expert,24,,1168,,,,,,,2022-01-02
845,169,少女レイ,しょうじょれい,master,27,,1400,,,,,,,2022-01-02
4066,169,少女レイ,しょうじょれい,append,27,,1300,,,,,,,2022-01-02
846,170,ヴィラン,ヴぃらん,easy,6,,162,,,,,,,2021-12-31
847,170,ヴィラン,ヴぃらん,normal,13,,341,,,,,,,2021-12-31
848,170,ヴィラン,ヴぃらん,hard,18,,679,,,,,,,2021-12-31
849,170,ヴィラン,ヴぃらん,expert,25,,984,,,,,,,2021-12-31
850,170,ヴィラン,ヴぃらん,master,29,,1154,,,,,,,2021-12-31
851,171,カゲロウデイズ,かげろうでいず,easy,9,,370,,,,,,,2021-08-15
852,171,カゲロウデイズ,かげろうでいず,normal,14,,599,,,,,,,2021-08-15
853,171,カゲロウデイズ,かげろうでいず,hard,19,,871,,,,,,,2021-08-15
854,171,カゲロウデイズ,かげろうでいず,expert,27,,1295,,,,,,,2021-08-15
855,171,カゲロウデイズ,かげろうでいず,master,31,,1404,,,,,,,2021-08-15
4068,171,カゲロウデイズ,かげろうでいず,append,33,,1915,,,,,,,2021-08-15
856,172,Happy Halloween,はっぴーはろうぃん,easy,5,,150,,,,,,,2021-10-30
857,172,Happy Halloween,はっぴーはろうぃん,normal,12,,357,,,,,,,2021-10-30
858,172,Happy Halloween,はっぴーはろうぃん,hard,16,,533,,,,,,,2021-10-30
859,172,Happy Halloween,はっぴーはろうぃん,expert,25,,827,,,,,,,2021-10-30
860,172,Happy Halloween,はっぴーはろうぃん,master,31,,987,,,,,,,2021-10-30
4015,172,Happy Halloween,はっぴーはろうぃん,append,26,,832,,,,,,,2021-10-30
861,173,流星のパルス,りゅうせいのぱるす,easy,8,,231,,,,,,,2021-09-10
862,173,流星のパルス,りゅうせいのぱるす,normal,13,,478,,,,,,,2021-09-10
863,173,流星のパルス,りゅうせいのぱるす,hard,17,,656,,,,,,,2021-09-10
864,173,流星のパルス,りゅうせいのぱるす,expert,25,,958,,,,,,,2021-09-10
865,173,流星のパルス,りゅうせいのぱるす,master,31,,1123,,,,,,,2021-09-10
866,174,いーあるふぁんくらぶ,いーあるふぁんくらぶ,easy,6,,206,,,,,,,2022-03-14
867,174,いーあるふぁんくらぶ,いーあるふぁんくらぶ,normal,12,,323,,,,,,,2022-03-14
868,174,いーあるふぁんくらぶ,いーあるふぁんくらぶ,hard,17,,595,,,,,,,2022-03-14
869,174,いーあるふぁんくらぶ,いーあるふぁんくらぶ,expert,24,,863,,,,,,,2022-03-14
870,174,いーあるふぁんくらぶ,いーあるふぁんくらぶ,master,28,,1002,,,,,,,2022-03-14
4071,174,いーあるふぁんくらぶ,いーあるふぁんくらぶ,append,26,,1015,,,,,,,2022-03-14
871,175,拝啓ドッペルゲンガー,はいけいどっぺるげんがー,easy,9,,355,,,,,,,2021-10-05
872,175,拝啓ドッペルゲンガー,はいけいどっぺるげんがー,normal,13,,681,,,,,,,2021-10-05
873,175,拝啓ドッペルゲンガー,はいけいどっぺるげんがー,hard,19,,917,,,,,,,2021-10-05
874,175,拝啓ドッペルゲンガー,はいけいどっぺるげんがー,expert,28,,1368,,,,,,,2021-10-05
875,175,拝啓ドッペルゲンガー,はいけいどっぺるげんがー,master,32,,1654,,,,,,,2021-10-05
876,176,マシンガンポエムドール,ましんがんぽえむどーる,easy,9,,349,,,,,,,2021-10-03
877,176,マシンガンポエムドール,ましんがんぽえむどーる,normal,14,,626,,,,,,,2021-10-03
878,176,マシンガンポエムドール,ましんがんぽえむどーる,hard,23,,1154,,,,,,,2021-10-03
879,176,マシンガンポエムドール,ましんがんぽえむどーる,expert,31,,1730,,,,,,,2021-10-03
880,176,マシンガンポエムドール,ましんがんぽえむどーる,master,35,,1819,,,,,,,2021-10-03
881,177,右肩の蝶,みぎかたのちょう,easy,6,,171,,,,,,,2021-10-11
882,177,右肩の蝶,みぎかたのちょう,normal,12,,377,,,,,,,2021-10-11
883,177,右肩の蝶,みぎかたのちょう,hard,18,,643,,,,,,,2021-10-11
884,177,右肩の蝶,みぎかたのちょう,expert,25,,1058,,,,,,,2021-10-11
885,177,右肩の蝶,みぎかたのちょう,master,31,,1315,,,,,,,2021-10-11
886,178,にっこり^^調査隊のテーマ,にっこりちょうさたいのてーま,easy,8,,254,,,,,,,2022-01-19
887,178,にっこり^^調査隊のテーマ,にっこりちょうさたいのてーま,normal,12,,414,,,,,,,2022-01-19
888,178,にっこり^^調査隊のテーマ,にっこりちょうさたいのてーま,hard,18,,724,,,,,,,2022-01-19
889,178,にっこり^^調査隊のテーマ,にっこりちょうさたいのてーま,expert,27,,1026,,,,,,,2022-01-19
890,178,にっこり^^調査隊のテーマ,にっこりちょうさたいのてーま,master,31,,1195,,,,,,,2022-01-19
891,179,炉心融解,ろしんゆうかい,easy,7,,288,,,,,,,2021-10-01
892,179,炉心融解,ろしんゆうかい,normal,12,,483,,,,,,,2021-10-01
893,179,炉心融解,ろしんゆうかい,hard,17,,665,,,,,,,2021-10-01
894,179,炉心融解,ろしんゆうかい,expert,24,,998,,,,,,,2021-10-01
895,179,炉心融解,ろしんゆうかい,master,27,,1167,,,,,,,2021-10-01
896,180,ミライ,みらい,easy,6,,184,,,,,,,2021-12-29
897,180,ミライ,みらい,normal,12,,419,,,,,,,2021-12-29
898,180,ミライ,みらい,hard,18,,662,,,,,,,2021-12-29
899,180,ミライ,みらい,expert,24,,1017,,,,,,,2021-12-29
900,180,ミライ,みらい,master,28,,1281,,,,,,,2021-12-29
901,181,愛して愛して愛して,あいしてあいしてあいして,easy,5,,205,,,,,,,2022-02-07
902,181,愛して愛して愛して,あいしてあいしてあいして,normal,12,,377,,,,,,,2022-02-07
903,181,愛して愛して愛して,あいしてあいしてあいして,hard,16,,509,,,,,,,2022-02-07
904,181,愛して愛して愛して,あいしてあいしてあいして,expert,25,,928,,,,,,,2022-02-07
905,181,愛して愛して愛して,あいしてあいしてあいして,master,28,,1173,,,,,,,2022-02-07
906,182,Flyer!,ふらいやー,easy,9,,261,,,,,,,2022-02-16
907,182,Flyer!,ふらいやー,normal,12,,408,,,,,,,2022-02-16
908,182,Flyer!,ふらいやー,hard,18,,598,,,,,,,2022-02-16
909,182,Flyer!,ふらいやー,expert,24,,861,,,,,,,2022-02-16
910,182,Flyer!,ふらいやー,master,29,,1083,,,,,,,2022-02-16
4074,182,Flyer!,ふらいやー,append,30,,1189,,,,,,,2022-02-16
911,183,フィクサー,ふぃくさー,easy,6,,179,,,,,,,2021-12-28
912,183,フィクサー,ふぃくさー,normal,12,,314,,,,,,,2021-12-28
913,183,フィクサー,ふぃくさー,hard,19,,621,,,,,,,2021-12-28
914,183,フィクサー,ふぃくさー,expert,26,,948,,,,,,,2021-12-28
915,183,フィクサー,ふぃくさー,master,32,,1118,,,,,,,2021-12-28
916,184,"Hello,world!",はろーわーるど,easy,9,,201,,,,,,,2021-10-13
917,184,"Hello,world!",はろーわーるど,normal,13,,382,,,,,,,2021-10-13
918,184,"Hello,world!",はろーわーるど,hard,17,,572,,,,,,,2021-10-13
919,184,"Hello,world!",はろーわーるど,expert,25,,900,,,,,,,2021-10-13
920,184,"Hello,world!",はろーわーるど,master,29,,949,,,,,,,2021-10-13
921,185,しっくおぶはうす！,しっくおぶはうす,easy,7,,262,,,,,,,2021-10-22
922,185,しっくおぶはうす！,しっくおぶはうす,normal,13,,509,,,,,,,2021-10-22
923,185,しっくおぶはうす！,しっくおぶはうす,hard,17,,790,,,,,,,2021-10-22
924,185,しっくおぶはうす！,しっくおぶはうす,expert,26,,1107,,,,,,,2021-10-22
925,185,しっくおぶはうす！,しっくおぶはうす,master,30,,1313,,,,,,,2021-10-22
926,186,初音天地開闢神話,はつねてんちかいびゃくしんわ,easy,9,,734,,,,,,,2021-11-05
927,186,初音天地開闢神話,はつねてんちかいびゃくしんわ,normal,14,,882,,,,,,,2021-11-05
928,186,初音天地開闢神話,はつねてんちかいびゃくしんわ,hard,20,,1061,,,,,,,2021-11-05
929,186,初音天地開闢神話,はつねてんちかいびゃくしんわ,expert,28,,1581,,,,,,,2021-11-05
930,186,初音天地開闢神話,はつねてんちかいびゃくしんわ,master,33,,2021,,,,,,,2021-11-05
931,187,ロウワー,ろうわー,easy,6,,109,,,,,,,2021-10-31
932,187,ロウワー,ろうわー,normal,12,,258,,,,,,,2021-10-31
933,187,ロウワー,ろうわー,hard,17,,539,,,,,,,2021-10-31
934,187,ロウワー,ろうわー,expert,26,,780,,,,,,,2021-10-31
935,187,ロウワー,ろうわー,master,31,,850,,,,,,,2021-10-31
4056,187,ロウワー,ろうわー,append,30,,1045,,,,,,,2021-10-31
936,188,心予報,こころよほう,easy,6,,273,,,,,,,2022-03-02
937,188,心予報,こころよほう,normal,12,,400,,,,,,,2022-03-02
938,188,心予報,こころよほう,hard,18,,638,,,,,,,2022-03-02
939,188,心予報,こころよほう,expert,24,,909,,,,,,,2022-03-02
940,188,心予報,こころよほう,master,28,,1060,,,,,,,2022-03-02
4031,188,心予報,こころよほう,append,28,,1318,,,,,,,2022-03-02
941,189,ノマド,のまど,easy,5,,150,,,,,,,2022-03-28
942,189,ノマド,のまど,normal,11,,202,,,,,,,2022-03-28
943,189,ノマド,のまど,hard,16,,387,,,,,,,2022-03-28
944,189,ノマド,のまど,expert,23,,515,,,,,,,2022-03-28
945,189,ノマド,のまど,master,26,,592,,,,,,,2022-03-28
4135,189,ノマド,のまど,append,25,,531,,,,,,,2022-03-28
946,190,悪ノ娘,あくのむすめ,easy,6,,130,,,,,,,2021-12-13
947,190,悪ノ娘,あくのむすめ,normal,12,,214,,,,,,,2021-12-13
948,190,悪ノ娘,あくのむすめ,hard,17,,413,,,,,,,2021-12-13
949,190,悪ノ娘,あくのむすめ,expert,24,,609,,,,,,,2021-12-13
950,190,悪ノ娘,あくのむすめ,master,27,,784,,,,,,,2021-12-13
951,191,悪ノ召使,あくのめしつかい,easy,6,,130,,,,,,,2021-12-14
952,191,悪ノ召使,あくのめしつかい,normal,12,,214,,,,,,,2021-12-14
953,191,悪ノ召使,あくのめしつかい,hard,17,,413,,,,,,,2021-12-14
954,191,悪ノ召使,あくのめしつかい,expert,24,,609,,,,,,,2021-12-14
955,191,悪ノ召使,あくのめしつかい,master,27,,784,,,,,,,2021-12-14
956,192,去り人達のワルツ,さりびとたちのわるつ,easy,8,,200,,,,,,,2021-12-15
957,192,去り人達のワルツ,さりびとたちのわるつ,normal,13,,356,,,,,,,2021-12-15
958,192,去り人達のワルツ,さりびとたちのわるつ,hard,17,,475,,,,,,,2021-12-15
959,192,去り人達のワルツ,さりびとたちのわるつ,expert,23,,672,,,,,,,2021-12-15
960,192,去り人達のワルツ,さりびとたちのわるつ,master,28,,798,,,,,,,2021-12-15
961,193,ワールドワイドワンダー,わーるどわいどわんだー,easy,6,,129,,,,,,,2021-12-10
962,193,ワールドワイドワンダー,わーるどわいどわんだー,normal,13,,309,,,,,,,2021-12-10
963,193,ワールドワイドワンダー,わーるどわいどわんだー,hard,18,,439,,,,,,,2021-12-10
964,193,ワールドワイドワンダー,わーるどわいどわんだー,expert,24,,626,,,,,,,2021-12-10
965,193,ワールドワイドワンダー,わーるどわいどわんだー,master,28,,785,,,,,,,2021-12-10
4076,193,ワールドワイドワンダー,わーるどわいどわんだー,append,29,,817,,,,,,,2021-12-10
966,194,妄想感傷代償連盟,もうそうかんしょうだいしょうれんめい,easy,7,,200,,,,,,,2022-05-13
967,194,妄想感傷代償連盟,もうそうかんしょうだいしょうれんめい,normal,12,,397,,,,,,,2022-05-13
968,194,妄想感傷代償連盟,もうそうかんしょうだいしょうれんめい,hard,16,,630,,,,,,,2022-05-13
969,194,妄想感傷代償連盟,もうそうかんしょうだいしょうれんめい,expert,23,,908,,,,,,,2022-05-13
970,194,妄想感傷代償連盟,もうそうかんしょうだいしょうれんめい,master,27,,966,,,,,,,2022-05-13
4078,194,妄想感傷代償連盟,もうそうかんしょうだいしょうれんめい,append,26,,1092,,,,,,,2022-05-13
971,195,PaⅢ.SENSATION,ぱっしょねーとすりーどっとせんせーしょん,easy,8,,323,,,,,,,2022-04-18
972,195,PaⅢ.SENSATION,ぱっしょねーとすりーどっとせんせーしょん,normal,12,,394,,,,,,,2022-04-18
973,195,PaⅢ.SENSATION,ぱっしょねーとすりーどっとせんせーしょん,hard,17,,758,,,,,,,2022-04-18
974,195,PaⅢ.SENSATION,ぱっしょねーとすりーどっとせんせーしょん,expert,24,,1032,,,,,,,2022-04-18
975,195,PaⅢ.SENSATION,ぱっしょねーとすりーどっとせんせーしょん,master,29,,1244,,,,,,,2022-04-18
976,196,オーダーメイド,おーだーめいど,easy,5,,139,,,,,,,2022-04-28
977,196,オーダーメイド,おーだーめいど,normal,11,,210,,,,,,,2022-04-28
978,196,オーダーメイド,おーだーめいど,hard,16,,331,,,,,,,2022-04-28
979,196,オーダーメイド,おーだーめいど,expert,21,,480,,,,,,,2022-04-28
980,196,オーダーメイド,おーだーめいど,master,26,,601,,,,,,,2022-04-28
4128,196,オーダーメイド,おーだーめいど,append,24,,634,,,,,,,2022-04-28
981,197,ラストスコア,らすとすこあ,easy,7,,214,,,,,,,2021-12-20
982,197,ラストスコア,らすとすこあ,normal,13,,401,,,,,,,2021-12-20
983,197,ラストスコア,らすとすこあ,hard,18,,759,,,,,,,2021-12-20
984,197,ラストスコア,らすとすこあ,expert,26,,1050,,,,,,,2021-12-20
985,197,ラストスコア,らすとすこあ,master,30,,1190,,,,,,,2021-12-20
986,198,グッバイ宣言,ぐっばいせんげん,easy,7,,310,,,,,,,2022-06-13
987,198,グッバイ宣言,ぐっばいせんげん,normal,12,,390,,,,,,,2022-06-13
988,198,グッバイ宣言,ぐっばいせんげん,hard,17,,726,,,,,,,2022-06-13
989,198,グッバイ宣言,ぐっばいせんげん,expert,26,,1017,,,,,,,2022-06-13
990,198,グッバイ宣言,ぐっばいせんげん,master,30,,1259,,,,,,,2022-06-13
4042,198,グッバイ宣言,ぐっばいせんげん,append,27,,1233,,,,,,,2022-06-13
991,199,ゴーストルール,ごーすとるーる,easy,9,,409,,,,,,,2021-12-30
992,199,ゴーストルール,ごーすとるーる,normal,14,,650,,,,,,,2021-12-30
993,199,ゴーストルール,ごーすとるーる,hard,19,,740,,,,,,,2021-12-30
994,199,ゴーストルール,ごーすとるーる,expert,27,,1174,,,,,,,2021-12-30
995,199,ゴーストルール,ごーすとるーる,master,33,,1473,,,,,,,2021-12-30
996,200,ガランド,がらんど,easy,7,,205,,,,,,,2022-01-03
997,200,ガランド,がらんど,normal,13,,350,,,,,,,2022-01-03
998,200,ガランド,がらんど,hard,18,,557,,,,,,,2022-01-03
999,200,ガランド,がらんど,expert,24,,761,,,,,,,2022-01-03
1000,200,ガランド,がらんど,master,28,,943,,,,,,,2022-01-03
1001,201,神のまにまに,かみのまにまに,easy,6,,179,,,,,,,2022-05-30
1002,201,神のまにまに,かみのまにまに,normal,13,,300,,,,,,,2022-05-30
1003,201,神のまにまに,かみのまにまに,hard,18,,645,,,,,,,2022-05-30
1004,201,神のまにまに,かみのまにまに,expert,25,,900,,,,,,,2022-05-30
1005,201,神のまにまに,かみのまにまに,master,29,,1111,,,,,,,2022-05-30
1006,202,Q,きゅー,easy,5,,218,,,,,,,2023-03-02
1007,202,Q,きゅー,normal,12,,395,,,,,,,2023-03-02
1008,202,Q,きゅー,hard,17,,574,,,,,,,2023-03-02
1009,202,Q,きゅー,expert,24,,907,,,,,,,2023-03-02
1010,202,Q,きゅー,master,28,,998,,,,,,,2023-03-02
1011,203,トリコロージュ,とりころーじゅ,easy,7,,222,,,,,,,2022-01-21
1012,203,トリコロージュ,とりころーじゅ,normal,13,,411,,,,,,,2022-01-21
1013,203,トリコロージュ,とりころーじゅ,hard,18,,736,,,,,,,2022-01-21
1014,203,トリコロージュ,とりころーじゅ,expert,24,,860,,,,,,,2022-01-21
1015,203,トリコロージュ,とりころーじゅ,master,28,,999,,,,,,,2022-01-21
1016,204,うっせぇわ,うっせぇわ,easy,8,,269,,,,,,,2022-01-31
1017,204,うっせぇわ,うっせぇわ,normal,12,,487,,,,,,,2022-01-31
1018,204,うっせぇわ,うっせぇわ,hard,17,,682,,,,,,,2022-01-31
1019,204,うっせぇわ,うっせぇわ,expert,24,,1035,,,,,,,2022-01-31
1020,204,うっせぇわ,うっせぇわ,master,28,,1302,,,,,,,2022-01-31
1021,205,踊,おど,easy,6,,242,,,,,,,2022-02-04
1022,205,踊,おど,normal,13,,409,,,,,,,2022-02-04
1023,205,踊,おど,hard,18,,640,,,,,,,2022-02-04
1024,205,踊,おど,expert,26,,882,,,,,,,2022-02-04
1025,205,踊,おど,master,29,,1083,,,,,,,2022-02-04
1026,206,君色マリンスノウ,きみいろまりんすのう,easy,9,,394,,,,,,,2022-02-05
1027,206,君色マリンスノウ,きみいろまりんすのう,normal,14,,587,,,,,,,2022-02-05
1028,206,君色マリンスノウ,きみいろまりんすのう,hard,19,,875,,,,,,,2022-02-05
1029,206,君色マリンスノウ,きみいろまりんすのう,expert,28,,1339,,,,,,,2022-02-05
1030,206,君色マリンスノウ,きみいろまりんすのう,master,31,,1415,,,,,,,2022-02-05
1031,207,Peaky Peaky,ぴーきーぴーきー,easy,6,,159,,,,,,,2022-02-18
1032,207,Peaky Peaky,ぴーきーぴーきー,normal,12,,312,,,,,,,2022-02-18
1033,207,Peaky Peaky,ぴーきーぴーきー,hard,18,,538,,,,,,,2022-02-18
1034,207,Peaky Peaky,ぴーきーぴーきー,expert,25,,747,,,,,,,2022-02-18
1035,207,Peaky Peaky,ぴーきーぴーきー,master,28,,855,,,,,,,2022-02-18
1036,208,僕らまだアンダーグラウンド,ぼくらまだあんだーぐらうんど,easy,7,,281,,,,,,,2022-03-04
1037,208,僕らまだアンダーグラウンド,ぼくらまだあんだーぐらうんど,normal,12,,406,,,,,,,2022-03-04
1038,208,僕らまだアンダーグラウンド,ぼくらまだあんだーぐらうんど,hard,18,,635,,,,,,,2022-03-04
1039,208,僕らまだアンダーグラウンド,ぼくらまだあんだーぐらうんど,expert,25,,920,,,,,,,2022-03-04
1040,208,僕らまだアンダーグラウンド,ぼくらまだあんだーぐらうんど,master,28,,1035,,,,,,,2022-03-04
1041,209,メタモリボン,めたもりぼん,easy,5,,149,,,,,,,2022-03-11
1042,209,メタモリボン,めたもりぼん,normal,11,,254,,,,,,,2022-03-11
1043,209,メタモリボン,めたもりぼん,hard,16,,409,,,,,,,2022-03-11
1044,209,メタモリボン,めたもりぼん,expert,23,,580,,,,,,,2022-03-11
1045,209,メタモリボン,めたもりぼん,master,26,,685,,,,,,,2022-03-11
1046,210,雨とペトラ,あめとぺとら,easy,9,,260,,,,,,,2022-03-22
1047,210,雨とペトラ,あめとぺとら,normal,12,,489,,,,,,,2022-03-22
1048,210,雨とペトラ,あめとぺとら,hard,18,,733,,,,,,,2022-03-22
1049,210,雨とペトラ,あめとぺとら,expert,25,,976,,,,,,,2022-03-22
1050,210,雨とペトラ,あめとぺとら,master,29,,1206,,,,,,,2022-03-22
1051,211,イフ,いふ,easy,6,,163,,,,,,,2022-05-08
1052,211,イフ,いふ,normal,12,,357,,,,,,,2022-05-08
1053,211,イフ,いふ,hard,18,,559,,,,,,,2022-05-08
1054,211,イフ,いふ,expert,23,,845,,,,,,,2022-05-08
1055,211,イフ,いふ,master,27,,1062,,,,,,,2022-05-08
4099,211,イフ,いふ,append,29,,1270,,,,,,,2022-05-08
1056,212,星空のメロディー,ほしぞらのめろでぃー,easy,5,,131,,,,,,,2022-06-28
1057,212,星空のメロディー,ほしぞらのめろでぃー,normal,11,,296,,,,,,,2022-06-28
1058,212,星空のメロディー,ほしぞらのめろでぃー,hard,16,,523,,,,,,,2022-06-28
1059,212,星空のメロディー,ほしぞらのめろでぃー,expert,24,,713,,,,,,,2022-06-28
1060,212,星空のメロディー,ほしぞらのめろでぃー,master,27,,821,,,,,,,2022-06-28
1061,213,ヴァンパイア,ヴぁんぱいあ,easy,7,,288,,,,,,,2022-06-20
1062,213,ヴァンパイア,ヴぁんぱいあ,normal,12,,449,,,,,,,2022-06-20
1063,213,ヴァンパイア,ヴぁんぱいあ,hard,18,,699,,,,,,,2022-06-20
1064,213,ヴァンパイア,ヴぁんぱいあ,expert,25,,1029,,,,,,,2022-06-20
1065,213,ヴァンパイア,ヴぁんぱいあ,master,30,,1299,,,,,,,2022-06-20
4005,213,ヴァンパイア,ヴぁんぱいあ,append,27,,1433,,,,,,,2022-06-20
1066,214,パレットには君がいっぱい,ぱれっとにはきみがいっぱい,easy,5,,189,,,,,,,2023-03-01
1067,214,パレットには君がいっぱい,ぱれっとにはきみがいっぱい,normal,11,,294,,,,,,,2023-03-01
1068,214,パレットには君がいっぱい,ぱれっとにはきみがいっぱい,hard,17,,656,,,,,,,2023-03-01
1069,214,パレットには君がいっぱい,ぱれっとにはきみがいっぱい,expert,25,,900,,,,,,,2023-03-01
1070,214,パレットには君がいっぱい,ぱれっとにはきみがいっぱい,master,28,,966,,,,,,,2023-03-01
1071,215,ジウダス,じうだす,easy,7,,172,,,,,,,2022-02-21
1072,215,ジウダス,じうだす,normal,12,,361,,,,,,,2022-02-21
1073,215,ジウダス,じうだす,hard,18,,654,,,,,,,2022-02-21
1074,215,ジウダス,じうだす,expert,25,,769,,,,,,,2022-02-21
1075,215,ジウダス,じうだす,master,28,,898,,,,,,,2022-02-21
1076,216,ルカルカ★ナイトフィーバー,るかるかないとふぃーばー,easy,7,,218,,,,,,,2022-04-02
1077,216,ルカルカ★ナイトフィーバー,るかるかないとふぃーばー,normal,13,,457,,,,,,,2022-04-02
1078,216,ルカルカ★ナイトフィーバー,るかるかないとふぃーばー,hard,18,,616,,,,,,,2022-04-02
1079,216,ルカルカ★ナイトフィーバー,るかるかないとふぃーばー,expert,25,,950,,,,,,,2022-04-02
1080,216,ルカルカ★ナイトフィーバー,るかるかないとふぃーばー,master,29,,1311,,,,,,,2022-04-02
1081,217,街,まち,easy,6,,206,,,,,,,2022-07-19
1082,217,街,まち,normal,12,,288,,,,,,,2022-07-19
1083,217,街,まち,hard,16,,422,,,,,,,2022-07-19
1084,217,街,まち,expert,23,,668,,,,,,,2022-07-19
1085,217,街,まち,master,27,,769,,,,,,,2022-07-19
1086,218,メリュー,めりゅー,easy,6,,228,,,,,,,2022-07-04
1087,218,メリュー,めりゅー,normal,11,,383,,,,,,,2022-07-04
1088,218,メリュー,めりゅー,hard,15,,473,,,,,,,2022-07-04
1089,218,メリュー,めりゅー,expert,22,,632,,,,,,,2022-07-04
1090,218,メリュー,めりゅー,master,26,,983,,,,,,,2022-07-04
1091,219,砂の惑星,すなのわくせい,easy,5,,175,,,,,,,2022-04-01
1092,219,砂の惑星,すなのわくせい,normal,11,,314,,,,,,,2022-04-01
1093,219,砂の惑星,すなのわくせい,hard,16,,661,,,,,,,2022-04-01
1094,219,砂の惑星,すなのわくせい,expert,23,,873,,,,,,,2022-04-01
1095,219,砂の惑星,すなのわくせい,master,27,,1062,,,,,,,2022-04-01
1096,220,ドーナツホール 2024,どーなつほーる　にーまるにーよん,easy,9,,419,,,,,,,2022-03-31
1097,220,ドーナツホール 2024,どーなつほーる　にーまるにーよん,normal,14,,581,,,,,,,2022-03-31
1098,220,ドーナツホール 2024,どーなつほーる　にーまるにーよん,hard,18,,745,,,,,,,2022-03-31
1099,220,ドーナツホール 2024,どーなつほーる　にーまるにーよん,expert,25,,1046,,,,,,,2022-03-31
1100,220,ドーナツホール 2024,どーなつほーる　にーまるにーよん,master,29,,1328,,,,,,,2022-03-31
4095,220,ドーナツホール 2024,どーなつほーる　にーまるにーよん,append,33,,1792,,,,,,,2022-03-31
1101,221,マトリョシカ,まとりょしか,easy,9,,182,,,,,,,2022-03-30
1102,221,マトリョシカ,まとりょしか,normal,13,,355,,,,,,,2022-03-30
1103,221,マトリョシカ,まとりょしか,hard,18,,674,,,,,,,2022-03-30
1104,221,マトリョシカ,まとりょしか,expert,25,,887,,,,,,,2022-03-30
1105,221,マトリョシカ,まとりょしか,master,30,,1104,,,,,,,2022-03-30
1106,222,ピアノ×フォルテ×スキャンダル,ぴあのふぉるてすきゃんだる,easy,6,,239,,,,,,,2022-04-03
1107,222,ピアノ×フォルテ×スキャンダル,ぴあのふぉるてすきゃんだる,normal,11,,334,,,,,,,2022-04-03
1108,222,ピアノ×フォルテ×スキャンダル,ぴあのふぉるてすきゃんだる,hard,18,,735,,,,,,,2022-04-03
1109,222,ピアノ×フォルテ×スキャンダル,ぴあのふぉるてすきゃんだる,expert,26,,1042,,,,,,,2022-04-03
1110,222,ピアノ×フォルテ×スキャンダル,ぴあのふぉるてすきゃんだる,master,30,,1142,,,,,,,2022-04-03
1111,223,千年の独奏歌,せんねんのどくそうか,easy,5,,214,,,,,,,2022-04-04
1112,223,千年の独奏歌,せんねんのどくそうか,normal,11,,335,,,,,,,2022-04-04
1113,223,千年の独奏歌,せんねんのどくそうか,hard,16,,606,,,,,,,2022-04-04
1114,223,千年の独奏歌,せんねんのどくそうか,expert,23,,791,,,,,,,2022-04-04
1115,223,千年の独奏歌,せんねんのどくそうか,master,27,,906,,,,,,,2022-04-04
1116,224,88☆彡,はちじゅうはち,easy,9,,388,,,,,,,2022-04-11
1117,224,88☆彡,はちじゅうはち,normal,13,,588,,,,,,,2022-04-11
1118,224,88☆彡,はちじゅうはち,hard,18,,688,,,,,,,2022-04-11
1119,224,88☆彡,はちじゅうはち,expert,26,,1088,,,,,,,2022-04-11
1120,224,88☆彡,はちじゅうはち,master,29,,1188,,,,,,,2022-04-11
4069,224,88☆彡,はちじゅうはち,append,32,,1388,,,,,,,2022-04-11
1121,225,エゴロック,えごろっく,easy,9,,262,,,,,,,2022-10-06
1122,225,エゴロック,えごろっく,normal,13,,523,,,,,,,2022-10-06
1123,225,エゴロック,えごろっく,hard,18,,841,,,,,,,2022-10-06
1124,225,エゴロック,えごろっく,expert,25,,1041,,,,,,,2022-10-06
1125,225,エゴロック,えごろっく,master,31,,1277,,,,,,,2022-10-06
1126,226,ロストエンファウンド,ろすとえんふぁうんど,easy,9,,422,,,,,,,2022-08-15
1127,226,ロストエンファウンド,ろすとえんふぁうんど,normal,13,,690,,,,,,,2022-08-15
1128,226,ロストエンファウンド,ろすとえんふぁうんど,hard,18,,868,,,,,,,2022-08-15
1129,226,ロストエンファウンド,ろすとえんふぁうんど,expert,25,,1082,,,,,,,2022-08-15
1130,226,ロストエンファウンド,ろすとえんふぁうんど,master,29,,1271,,,,,,,2022-08-15
1131,227,ONESELF,わんせるふ,easy,7,,264,,,,,,,2022-04-15
1132,227,ONESELF,わんせるふ,normal,14,,484,,,,,,,2022-04-15
1133,227,ONESELF,わんせるふ,hard,18,,795,,,,,,,2022-04-15
1134,227,ONESELF,わんせるふ,expert,27,,1063,,,,,,,2022-04-15
1135,227,ONESELF,わんせるふ,master,30,,1163,,,,,,,2022-04-15
4091,227,ONESELF,わんせるふ,append,33,,1406,,,,,,,2022-04-15
1136,228,Goodbye,ぐっどばい,easy,6,,275,,,,,,,2023-02-01
1137,228,Goodbye,ぐっどばい,normal,12,,286,,,,,,,2023-02-01
1138,228,Goodbye,ぐっどばい,hard,17,,562,,,,,,,2023-02-01
1139,228,Goodbye,ぐっどばい,expert,23,,734,,,,,,,2023-02-01
1140,228,Goodbye,ぐっどばい,master,26,,860,,,,,,,2023-02-01
1141,229,脳漿炸裂ガール,のうしょうさくれつがーる,easy,7,,296,,,,,,,2022-06-30
1142,229,脳漿炸裂ガール,のうしょうさくれつがーる,normal,13,,613,,,,,,,2022-06-30
1143,229,脳漿炸裂ガール,のうしょうさくれつがーる,hard,18,,985,,,,,,,2022-06-30
1144,229,脳漿炸裂ガール,のうしょうさくれつがーる,expert,28,,1349,,,,,,,2022-06-30
1145,229,脳漿炸裂ガール,のうしょうさくれつがーる,master,32,,1500,,,,,,,2022-06-30
1146,230,サラマンダー,さらまんだー,easy,8,,419,,,,,,,2022-05-05
1147,230,サラマンダー,さらまんだー,normal,12,,576,,,,,,,2022-05-05
1148,230,サラマンダー,さらまんだー,hard,18,,825,,,,,,,2022-05-05
1149,230,サラマンダー,さらまんだー,expert,25,,1186,,,,,,,2022-05-05
1150,230,サラマンダー,さらまんだー,master,30,,1454,,,,,,,2022-05-05
1151,231,アイデンティティ,あいでんてぃてぃ,easy,9,,459,,,,,,,2022-05-01
1152,231,アイデンティティ,あいでんてぃてぃ,normal,13,,671,,,,,,,2022-05-01
1153,231,アイデンティティ,あいでんてぃてぃ,hard,18,,873,,,,,,,2022-05-01
1154,231,アイデンティティ,あいでんてぃてぃ,expert,26,,1196,,,,,,,2022-05-01
1155,231,アイデンティティ,あいでんてぃてぃ,master,31,,1489,,,,,,,2022-05-01
1156,232,青色絵具,あおいろえのぐ,easy,6,,253,,,,,,,2022-05-02
1157,232,青色絵具,あおいろえのぐ,normal,12,,446,,,,,,,2022-05-02
1158,232,青色絵具,あおいろえのぐ,hard,16,,619,,,,,,,2022-05-02
1159,232,青色絵具,あおいろえのぐ,expert,24,,846,,,,,,,2022-05-02
1160,232,青色絵具,あおいろえのぐ,master,27,,1058,,,,,,,2022-05-02
1161,233,コスモスパイス,こすもすぱいす,easy,7,,276,,,,,,,2022-05-03
1162,233,コスモスパイス,こすもすぱいす,normal,12,,416,,,,,,,2022-05-03
1163,233,コスモスパイス,こすもすぱいす,hard,17,,623,,,,,,,2022-05-03
1164,233,コスモスパイス,こすもすぱいす,expert,25,,849,,,,,,,2022-05-03
1165,233,コスモスパイス,こすもすぱいす,master,31,,1092,,,,,,,2022-05-03
1166,234,徳川カップヌードル禁止令,とくがわかっぷぬーどるきんしれい,easy,8,,264,,,,,,,2022-05-04
1167,234,徳川カップヌードル禁止令,とくがわかっぷぬーどるきんしれい,normal,13,,498,,,,,,,2022-05-04
1168,234,徳川カップヌードル禁止令,とくがわかっぷぬーどるきんしれい,hard,19,,758,,,,,,,2022-05-04
1169,234,徳川カップヌードル禁止令,とくがわかっぷぬーどるきんしれい,expert,27,,1065,,,,,,,2022-05-04
1170,234,徳川カップヌードル禁止令,とくがわかっぷぬーどるきんしれい,master,31,,1241,,,,,,,2022-05-04
1171,235,Journey,じゃーにー,easy,6,,219,,,,,,,2022-09-29
1172,235,Journey,じゃーにー,normal,12,,512,,,,,,,2022-09-29
1173,235,Journey,じゃーにー,hard,18,,922,,,,,,,2022-09-29
1174,235,Journey,じゃーにー,expert,25,,1285,,,,,,,2022-09-29
1175,235,Journey,じゃーにー,master,29,,1322,,,,,,,2022-09-29
4127,235,Journey,じゃーにー,append,32,,1765,,,,,,,2022-09-29
1176,236,Voices,ヴぉいしーず,easy,8,,358,,,,,,,2022-09-07
1177,236,Voices,ヴぉいしーず,normal,13,,674,,,,,,,2022-09-07
1178,236,Voices,ヴぉいしーず,hard,18,,810,,,,,,,2022-09-07
1179,236,Voices,ヴぉいしーず,expert,25,,1144,,,,,,,2022-09-07
1180,236,Voices,ヴぉいしーず,master,30,,1237,,,,,,,2022-09-07
1181,237,君の夜をくれ,きみのよるをくれ,easy,5,,140,,,,,,,2022-08-29
1182,237,君の夜をくれ,きみのよるをくれ,normal,11,,179,,,,,,,2022-08-29
1183,237,君の夜をくれ,きみのよるをくれ,hard,15,,318,,,,,,,2022-08-29
1184,237,君の夜をくれ,きみのよるをくれ,expert,21,,482,,,,,,,2022-08-29
1185,237,君の夜をくれ,きみのよるをくれ,master,26,,662,,,,,,,2022-08-29
1186,238,ブラック★ロックシューター,ぶらっくろっくしゅーたー,easy,7,,250,,,,,,,2022-05-10
1187,238,ブラック★ロックシューター,ぶらっくろっくしゅーたー,normal,12,,377,,,,,,,2022-05-10
1188,238,ブラック★ロックシューター,ぶらっくろっくしゅーたー,hard,16,,548,,,,,,,2022-05-10
1189,238,ブラック★ロックシューター,ぶらっくろっくしゅーたー,expert,24,,695,,,,,,,2022-05-10
1190,238,ブラック★ロックシューター,ぶらっくろっくしゅーたー,master,27,,930,,,,,,,2022-05-10
1191,239,月光,げっこう,easy,5,,190,,,,,,,2022-05-20
1192,239,月光,げっこう,normal,12,,347,,,,,,,2022-05-20
1193,239,月光,げっこう,hard,18,,660,,,,,,,2022-05-20
1194,239,月光,げっこう,expert,25,,1058,,,,,,,2022-05-20
1195,239,月光,げっこう,master,29,,1159,,,,,,,2022-05-20
1196,240,踊れオーケストラ,おどれおーけすとら,easy,8,,260,,,,,,,2022-08-08
1197,240,踊れオーケストラ,おどれおーけすとら,normal,12,,459,,,,,,,2022-08-08
1198,240,踊れオーケストラ,おどれおーけすとら,hard,17,,610,,,,,,,2022-08-08
1199,240,踊れオーケストラ,おどれおーけすとら,expert,24,,845,,,,,,,2022-08-08
1200,240,踊れオーケストラ,おどれおーけすとら,master,28,,1068,,,,,,,2022-08-08
1201,241,アサガオの散る頃に,あさがおのちるころに,easy,6,,210,,,,,,,2022-05-23
1202,241,アサガオの散る頃に,あさがおのちるころに,normal,12,,273,,,,,,,2022-05-23
1203,241,アサガオの散る頃に,あさがおのちるころに,hard,16,,478,,,,,,,2022-05-23
1204,241,アサガオの散る頃に,あさがおのちるころに,expert,21,,748,,,,,,,2022-05-23
1205,241,アサガオの散る頃に,あさがおのちるころに,master,26,,832,,,,,,,2022-05-23
1206,242,トリノコシティ,とりのこしてぃ,easy,6,,291,,,,,,,2022-10-08
1207,242,トリノコシティ,とりのこしてぃ,normal,11,,360,,,,,,,2022-10-08
1208,242,トリノコシティ,とりのこしてぃ,hard,17,,514,,,,,,,2022-10-08
1209,242,トリノコシティ,とりのこしてぃ,expert,23,,753,,,,,,,2022-10-08
1210,242,トリノコシティ,とりのこしてぃ,master,27,,852,,,,,,,2022-10-08
1211,243,Calc.,かるく,easy,7,,325,,,,,,,2022-09-16
1212,243,Calc.,かるく,normal,13,,464,,,,,,,2022-09-16
1213,243,Calc.,かるく,hard,18,,844,,,,,,,2022-09-16
1214,243,Calc.,かるく,expert,25,,1126,,,,,,,2022-09-16
1215,243,Calc.,かるく,master,30,,1295,,,,,,,2022-09-16
1216,244,Awake Now,あうぇいくなう,easy,6,,204,,,,,,,2022-05-31
1217,244,Awake Now,あうぇいくなう,normal,12,,280,,,,,,,2022-05-31
1218,244,Awake Now,あうぇいくなう,hard,17,,519,,,,,,,2022-05-31
1219,244,Awake Now,あうぇいくなう,expert,24,,723,,,,,,,2022-05-31
1220,244,Awake Now,あうぇいくなう,master,30,,884,,,,,,,2022-05-31
4057,244,Awake Now,あうぇいくなう,append,29,,1049,,,,,,,2022-05-31
1221,245,阿吽のビーツ,あうんのびーつ,easy,6,,203,,,,,,,2022-06-06
1222,245,阿吽のビーツ,あうんのびーつ,normal,13,,365,,,,,,,2022-06-06
1223,245,阿吽のビーツ,あうんのびーつ,hard,18,,588,,,,,,,2022-06-06
1224,245,阿吽のビーツ,あうんのびーつ,expert,23,,802,,,,,,,2022-06-06
1225,245,阿吽のビーツ,あうんのびーつ,master,29,,918,,,,,,,2022-06-06
1226,246,エイリアンエイリアン,えいりあんえいりあん,easy,7,,278,,,,,,,2022-07-11
1227,246,エイリアンエイリアン,えいりあんえいりあん,normal,12,,461,,,,,,,2022-07-11
1228,246,エイリアンエイリアン,えいりあんえいりあん,hard,18,,798,,,,,,,2022-07-11
1229,246,エイリアンエイリアン,えいりあんえいりあん,expert,25,,1208,,,,,,,2022-07-11
1230,246,エイリアンエイリアン,えいりあんえいりあん,master,29,,1361,,,,,,,2022-07-11
1231,247,Copycat,こぴーきゃっと,easy,5,,202,,,,,,,2023-02-10
1232,247,Copycat,こぴーきゃっと,normal,11,,272,,,,,,,2023-02-10
1233,247,Copycat,こぴーきゃっと,hard,16,,478,,,,,,,2023-02-10
1234,247,Copycat,こぴーきゃっと,expert,23,,752,,,,,,,2023-02-10
1235,247,Copycat,こぴーきゃっと,master,26,,997,,,,,,,2023-02-10
1236,248,バグ,ばぐ,easy,9,,261,,,,,,,2022-06-10
1237,248,バグ,ばぐ,normal,13,,451,,,,,,,2022-06-10
1238,248,バグ,ばぐ,hard,19,,744,,,,,,,2022-06-10
1239,248,バグ,ばぐ,expert,26,,1101,,,,,,,2022-06-10
1240,248,バグ,ばぐ,master,32,,1343,,,,,,,2022-06-10
4070,248,バグ,ばぐ,append,31,,1490,,,,,,,2022-06-10
1241,249,ぼくらの16bit戦争,ぼくらのしっくすてぃーんびっとうぉーず,easy,6,,337,,,,,,,2022-07-01
1242,249,ぼくらの16bit戦争,ぼくらのしっくすてぃーんびっとうぉーず,normal,13,,591,,,,,,,2022-07-01
1243,249,ぼくらの16bit戦争,ぼくらのしっくすてぃーんびっとうぉーず,hard,17,,726,,,,,,,2022-07-01
1244,249,ぼくらの16bit戦争,ぼくらのしっくすてぃーんびっとうぉーず,expert,28,,1379,,,,,,,2022-07-01
1245,249,ぼくらの16bit戦争,ぼくらのしっくすてぃーんびっとうぉーず,master,33,,1521,,,,,,,2022-07-01
1246,250,腐れ外道とチョコレゐト,くされげどうとちょこれいと,easy,9,,404,,,,,,,2022-12-25
1247,250,腐れ外道とチョコレゐト,くされげどうとちょこれいと,normal,14,,793,,,,,,,2022-12-25
1248,250,腐れ外道とチョコレゐト,くされげどうとちょこれいと,hard,21,,979,,,,,,,2022-12-25
1249,250,腐れ外道とチョコレゐト,くされげどうとちょこれいと,expert,30,,1396,,,,,,,2022-12-25
1250,250,腐れ外道とチョコレゐト,くされげどうとちょこれいと,master,35,,1763,,,,,,,2022-12-25
1251,251,フロイライン＝ビブリォチカ,ふろいらいんびぶりぉちか,easy,9,,379,,,,,,,2022-07-30
1252,251,フロイライン＝ビブリォチカ,ふろいらいんびぶりぉちか,normal,14,,572,,,,,,,2022-07-30
1253,251,フロイライン＝ビブリォチカ,ふろいらいんびぶりぉちか,hard,18,,814,,,,,,,2022-07-30
1254,251,フロイライン＝ビブリォチカ,ふろいらいんびぶりぉちか,expert,27,,1222,,,,,,,2022-07-30
1255,251,フロイライン＝ビブリォチカ,ふろいらいんびぶりぉちか,master,31,,1456,,,,,,,2022-07-30
1256,252,DREAM PLACE,どりーむぷれいす,easy,6,,226,,,,,,,2022-10-19
1257,252,DREAM PLACE,どりーむぷれいす,normal,12,,432,,,,,,,2022-10-19
1258,252,DREAM PLACE,どりーむぷれいす,hard,17,,716,,,,,,,2022-10-19
1259,252,DREAM PLACE,どりーむぷれいす,expert,25,,937,,,,,,,2022-10-19
1260,252,DREAM PLACE,どりーむぷれいす,master,29,,1172,,,,,,,2022-10-19
1261,253,DAYBREAK FRONTLINE,でいぶれいくふろんとらいん,easy,6,,247,,,,,,,2022-10-10
1262,253,DAYBREAK FRONTLINE,でいぶれいくふろんとらいん,normal,12,,479,,,,,,,2022-10-10
1263,253,DAYBREAK FRONTLINE,でいぶれいくふろんとらいん,hard,19,,770,,,,,,,2022-10-10
1264,253,DAYBREAK FRONTLINE,でいぶれいくふろんとらいん,expert,25,,1102,,,,,,,2022-10-10
1265,253,DAYBREAK FRONTLINE,でいぶれいくふろんとらいん,master,29,,1179,,,,,,,2022-10-10
4030,253,DAYBREAK FRONTLINE,でいぶれいくふろんとらいん,append,29,,1352,,,,,,,2022-10-10
1266,254,未完成讃歌,みかんせいさんか,easy,8,,391,,,,,,,2022-06-24
1267,254,未完成讃歌,みかんせいさんか,normal,12,,636,,,,,,,2022-06-24
1268,254,未完成讃歌,みかんせいさんか,hard,18,,853,,,,,,,2022-06-24
1269,254,未完成讃歌,みかんせいさんか,expert,27,,1324,,,,,,,2022-06-24
1270,254,未完成讃歌,みかんせいさんか,master,31,,1585,,,,,,,2022-06-24
1271,255,夜もすがら君想ふ,よもすがらきみおもう,easy,6,,317,,,,,,,2022-12-29
1272,255,夜もすがら君想ふ,よもすがらきみおもう,normal,12,,501,,,,,,,2022-12-29
1273,255,夜もすがら君想ふ,よもすがらきみおもう,hard,16,,679,,,,,,,2022-12-29
1274,255,夜もすがら君想ふ,よもすがらきみおもう,expert,24,,1004,,,,,,,2022-12-29
1275,255,夜もすがら君想ふ,よもすがらきみおもう,master,28,,1190,,,,,,,2022-12-29
1276,256,ダブルラリアット,だぶるらりあっと,easy,6,,211,,,,,,,2022-10-04
1277,256,ダブルラリアット,だぶるらりあっと,normal,11,,338,,,,,,,2022-10-04
1278,256,ダブルラリアット,だぶるらりあっと,hard,16,,678,,,,,,,2022-10-04
1279,256,ダブルラリアット,だぶるらりあっと,expert,23,,936,,,,,,,2022-10-04
1280,256,ダブルラリアット,だぶるらりあっと,master,27,,1115,,,,,,,2022-10-04
4119,256,ダブルラリアット,だぶるらりあっと,append,28,,1207,,,,,,,2022-10-04
1281,257,てらてら,てらてら,easy,8,,251,,,,,,,2022-07-21
1282,257,てらてら,てらてら,normal,13,,433,,,,,,,2022-07-21
1283,257,てらてら,てらてら,hard,18,,809,,,,,,,2022-07-21
1284,257,てらてら,てらてら,expert,24,,1035,,,,,,,2022-07-21
1285,257,てらてら,てらてら,master,30,,1262,,,,,,,2022-07-21
4115,257,てらてら,てらてら,append,31,,1450,,,,,,,2022-07-21
1286,258,深海少女,しんかいしょうじょ,easy,6,,272,,,,,,,2023-04-07
1287,258,深海少女,しんかいしょうじょ,normal,12,,449,,,,,,,2023-04-07
1288,258,深海少女,しんかいしょうじょ,hard,16,,620,,,,,,,2023-04-07
1289,258,深海少女,しんかいしょうじょ,expert,23,,867,,,,,,,2023-04-07
1290,258,深海少女,しんかいしょうじょ,master,27,,994,,,,,,,2023-04-07
1291,259,the WALL,ざうぉーる,easy,8,,259,,,,,,,2022-11-18
1292,259,the WALL,ざうぉーる,normal,13,,407,,,,,,,2022-11-18
1293,259,the WALL,ざうぉーる,hard,17,,633,,,,,,,2022-11-18
1294,259,the WALL,ざうぉーる,expert,25,,815,,,,,,,2022-11-18
1295,259,the WALL,ざうぉーる,master,30,,1019,,,,,,,2022-11-18
1296,260,ラブカ？,らぶか,easy,6,,131,,,,,,,2022-11-14
1297,260,ラブカ？,らぶか,normal,12,,215,,,,,,,2022-11-14
1298,260,ラブカ？,らぶか,hard,17,,517,,,,,,,2022-11-14
1299,260,ラブカ？,らぶか,expert,25,,710,,,,,,,2022-11-14
1300,260,ラブカ？,らぶか,master,29,,878,,,,,,,2022-11-14
1301,261,星屑ユートピア,ほしくずゆーとぴあ,easy,9,,402,,,,,,,2022-11-25
1302,261,星屑ユートピア,ほしくずゆーとぴあ,normal,12,,582,,,,,,,2022-11-25
1303,261,星屑ユートピア,ほしくずゆーとぴあ,hard,17,,780,,,,,,,2022-11-25
1304,261,星屑ユートピア,ほしくずゆーとぴあ,expert,25,,1183,,,,,,,2022-11-25
1305,261,星屑ユートピア,ほしくずゆーとぴあ,master,30,,1308,,,,,,,2022-11-25
1306,262,帝国少女,ていこくしょうじょ,easy,5,,182,,,,,,,2022-11-01
1307,262,帝国少女,ていこくしょうじょ,normal,11,,409,,,,,,,2022-11-01
1308,262,帝国少女,ていこくしょうじょ,hard,17,,684,,,,,,,2022-11-01
1309,262,帝国少女,ていこくしょうじょ,expert,24,,962,,,,,,,2022-11-01
1310,262,帝国少女,ていこくしょうじょ,master,28,,1178,,,,,,,2022-11-01
1311,263,Highlight,はいらいと,easy,5,,132,,,,,,,2023-03-20
1312,263,Highlight,はいらいと,normal,11,,266,,,,,,,2023-03-20
1313,263,Highlight,はいらいと,hard,16,,414,,,,,,,2023-03-20
1314,263,Highlight,はいらいと,expert,23,,596,,,,,,,2023-03-20
1315,263,Highlight,はいらいと,master,28,,690,,,,,,,2023-03-20
1316,264,パラソルサイダー,ぱらそるさいだー,easy,8,,233,,,,,,,2022-08-10
1317,264,パラソルサイダー,ぱらそるさいだー,normal,13,,311,,,,,,,2022-08-10
1318,264,パラソルサイダー,ぱらそるさいだー,hard,17,,524,,,,,,,2022-08-10
1319,264,パラソルサイダー,ぱらそるさいだー,expert,25,,796,,,,,,,2022-08-10
1320,264,パラソルサイダー,ぱらそるさいだー,master,30,,880,,,,,,,2022-08-10
1321,265,Change me,ちぇんじみー,easy,6,,268,,,,,,,2022-11-04
1322,265,Change me,ちぇんじみー,normal,12,,500,,,,,,,2022-11-04
1323,265,Change me,ちぇんじみー,hard,17,,664,,,,,,,2022-11-04
1324,265,Change me,ちぇんじみー,expert,23,,1019,,,,,,,2022-11-04
1325,265,Change me,ちぇんじみー,master,28,,1247,,,,,,,2022-11-04
1326,266,YY,わいわい,easy,7,,197,,,,,,,2022-08-22
1327,266,YY,わいわい,normal,12,,349,,,,,,,2022-08-22
1328,266,YY,わいわい,hard,17,,792,,,,,,,2022-08-22
1329,266,YY,わいわい,expert,25,,976,,,,,,,2022-08-22
1330,266,YY,わいわい,master,29,,1175,,,,,,,2022-08-22
4064,266,YY,わいわい,append,29,,1249,,,,,,,2022-08-22
1331,267,仮死化,かしか,easy,8,,304,,,,,,,2022-12-19
1332,267,仮死化,かしか,normal,13,,455,,,,,,,2022-12-19
1333,267,仮死化,かしか,hard,17,,724,,,,,,,2022-12-19
1334,267,仮死化,かしか,expert,23,,1019,,,,,,,2022-12-19
1335,267,仮死化,かしか,master,28,,1186,,,,,,,2022-12-19
4092,267,仮死化,かしか,append,28,,1328,,,,,,,2022-12-19
1336,268,ノンブレス・オブリージュ,のんぶれすおぶりーじゅ,easy,6,,342,,,,,,,2022-12-05
1337,268,ノンブレス・オブリージュ,のんぶれすおぶりーじゅ,normal,12,,459,,,,,,,2022-12-05
1338,268,ノンブレス・オブリージュ,のんぶれすおぶりーじゅ,hard,18,,927,,,,,,,2022-12-05
1339,268,ノンブレス・オブリージュ,のんぶれすおぶりーじゅ,expert,26,,1071,,,,,,,2022-12-05
1340,268,ノンブレス・オブリージュ,のんぶれすおぶりーじゅ,master,31,,1203,,,,,,,2022-12-05
4146,268,ノンブレス・オブリージュ,のんぶれすおぶりーじゅ,append,32,,1287,,,,,,,2022-12-05
1341,269,ロンリーユニバース,ろんりーゆにばーす,easy,5,,184,,,,,,,2022-12-09
1342,269,ロンリーユニバース,ろんりーゆにばーす,normal,12,,339,,,,,,,2022-12-09
1343,269,ロンリーユニバース,ろんりーゆにばーす,hard,17,,621,,,,,,,2022-12-09
1344,269,ロンリーユニバース,ろんりーゆにばーす,expert,23,,781,,,,,,,2022-12-09
1345,269,ロンリーユニバース,ろんりーゆにばーす,master,27,,999,,,,,,,2022-12-09
1346,270,泥中に咲く,でいちゅうにさく,easy,5,,141,,,,,,,2022-10-28
1347,270,泥中に咲く,でいちゅうにさく,normal,11,,249,,,,,,,2022-10-28
1348,270,泥中に咲く,でいちゅうにさく,hard,17,,535,,,,,,,2022-10-28
1349,270,泥中に咲く,でいちゅうにさく,expert,22,,646,,,,,,,2022-10-28
1350,270,泥中に咲く,でいちゅうにさく,master,26,,761,,,,,,,2022-10-28
1351,271,あったかいと,あったかいと,easy,8,,351,,,,,,,2022-11-28
1352,271,あったかいと,あったかいと,normal,13,,516,,,,,,,2022-11-28
1353,271,あったかいと,あったかいと,hard,18,,789,,,,,,,2022-11-28
1354,271,あったかいと,あったかいと,expert,24,,1026,,,,,,,2022-11-28
1355,271,あったかいと,あったかいと,master,29,,1376,,,,,,,2022-11-28
1356,272,ジェヘナ,じぇへな,easy,6,,233,,,,,,,2022-09-12
1357,272,ジェヘナ,じぇへな,normal,13,,352,,,,,,,2022-09-12
1358,272,ジェヘナ,じぇへな,hard,18,,702,,,,,,,2022-09-12
1359,272,ジェヘナ,じぇへな,expert,25,,1177,,,,,,,2022-09-12
1360,272,ジェヘナ,じぇへな,master,31,,1253,,,,,,,2022-09-12
4011,272,ジェヘナ,じぇへな,append,31,,1633,,,,,,,2022-09-12
1361,273,フューチャー・イヴ,ふゅーちゃーいヴ,easy,9,,497,,,,,,,2022-09-02
1362,273,フューチャー・イヴ,ふゅーちゃーいヴ,normal,13,,698,,,,,,,2022-09-02
1363,273,フューチャー・イヴ,ふゅーちゃーいヴ,hard,19,,1087,,,,,,,2022-09-02
1364,273,フューチャー・イヴ,ふゅーちゃーいヴ,expert,27,,1462,,,,,,,2022-09-02
1365,273,フューチャー・イヴ,ふゅーちゃーいヴ,master,32,,1628,,,,,,,2022-09-02
1366,274,それでもいいんだよ,それでもいいんだよ,easy,6,,248,,,,,,,2022-08-26
1367,274,それでもいいんだよ,それでもいいんだよ,normal,12,,367,,,,,,,2022-08-26
1368,274,それでもいいんだよ,それでもいいんだよ,hard,17,,712,,,,,,,2022-08-26
1369,274,それでもいいんだよ,それでもいいんだよ,expert,24,,897,,,,,,,2022-08-26
1370,274,それでもいいんだよ,それでもいいんだよ,master,29,,1009,,,,,,,2022-08-26
1371,275,パラジクロロベンゼン,ぱらじくろろべんぜん,easy,6,,160,,,,,,,2022-11-21
1372,275,パラジクロロベンゼン,ぱらじくろろべんぜん,normal,13,,446,,,,,,,2022-11-21
1373,275,パラジクロロベンゼン,ぱらじくろろべんぜん,hard,18,,810,,,,,,,2022-11-21
1374,275,パラジクロロベンゼン,ぱらじくろろべんぜん,expert,24,,916,,,,,,,2022-11-21
1375,275,パラジクロロベンゼン,ぱらじくろろべんぜん,master,28,,1063,,,,,,,2022-11-21
1376,276,シャンティ,しゃんてぃ,easy,6,,322,,,,,,,2023-05-19
1377,276,シャンティ,しゃんてぃ,normal,13,,467,,,,,,,2023-05-19
1378,276,シャンティ,しゃんてぃ,hard,18,,844,,,,,,,2023-05-19
1379,276,シャンティ,しゃんてぃ,expert,25,,942,,,,,,,2023-05-19
1380,276,シャンティ,しゃんてぃ,master,30,,1187,,,,,,,2023-05-19
1381,277,フォニイ,ふぉにい,easy,7,,220,,,,,,,2022-10-03
1382,277,フォニイ,ふぉにい,normal,13,,473,,,,,,,2022-10-03
1383,277,フォニイ,ふぉにい,hard,18,,842,,,,,,,2022-10-03
1384,277,フォニイ,ふぉにい,expert,24,,1064,,,,,,,2022-10-03
1385,277,フォニイ,ふぉにい,master,29,,1244,,,,,,,2022-10-03
1386,278,Bad ∞ End ∞ Night,ばっどえんどないと,easy,9,,211,,,,,,,2022-10-07
1387,278,Bad ∞ End ∞ Night,ばっどえんどないと,normal,14,,397,,,,,,,2022-10-07
1388,278,Bad ∞ End ∞ Night,ばっどえんどないと,hard,18,,726,,,,,,,2022-10-07
1389,278,Bad ∞ End ∞ Night,ばっどえんどないと,expert,25,,875,,,,,,,2022-10-07
1390,278,Bad ∞ End ∞ Night,ばっどえんどないと,master,29,,1018,,,,,,,2022-10-07
1391,279,こちら、幸福安心委員会です。,こちらこうふくあんしんいいんかいです,easy,6,,166,,,,,,,2022-10-09
1392,279,こちら、幸福安心委員会です。,こちらこうふくあんしんいいんかいです,normal,12,,371,,,,,,,2022-10-09
1393,279,こちら、幸福安心委員会です。,こちらこうふくあんしんいいんかいです,hard,18,,683,,,,,,,2022-10-09
1394,279,こちら、幸福安心委員会です。,こちらこうふくあんしんいいんかいです,expert,24,,898,,,,,,,2022-10-09
1395,279,こちら、幸福安心委員会です。,こちらこうふくあんしんいいんかいです,master,28,,1096,,,,,,,2022-10-09
1396,280,虚ろを扇ぐ,うつろをあおぐ,easy,5,,320,,,,,,,2022-09-20
1397,280,虚ろを扇ぐ,うつろをあおぐ,normal,11,,455,,,,,,,2022-09-20
1398,280,虚ろを扇ぐ,うつろをあおぐ,hard,17,,677,,,,,,,2022-09-20
1399,280,虚ろを扇ぐ,うつろをあおぐ,expert,23,,908,,,,,,,2022-09-20
1400,280,虚ろを扇ぐ,うつろをあおぐ,master,27,,1112,,,,,,,2022-09-20
4083,280,虚ろを扇ぐ,うつろをあおぐ,append,30,,1233,,,,,,,2022-09-20
1401,281,気まぐれメルシィ,きまぐれめるしぃ,easy,7,,299,,,,,,,2023-01-02
1402,281,気まぐれメルシィ,きまぐれめるしぃ,normal,12,,563,,,,,,,2023-01-02
1403,281,気まぐれメルシィ,きまぐれめるしぃ,hard,18,,788,,,,,,,2023-01-02
1404,281,気まぐれメルシィ,きまぐれめるしぃ,expert,25,,1247,,,,,,,2023-01-02
1405,281,気まぐれメルシィ,きまぐれめるしぃ,master,31,,1465,,,,,,,2023-01-02
1406,282,星空オーケストラ,ほしぞらおーけすとら,easy,9,,314,,,,,,,2023-01-19
1407,282,星空オーケストラ,ほしぞらおーけすとら,normal,12,,463,,,,,,,2023-01-19
1408,282,星空オーケストラ,ほしぞらおーけすとら,hard,17,,777,,,,,,,2023-01-19
1409,282,星空オーケストラ,ほしぞらおーけすとら,expert,23,,1057,,,,,,,2023-01-19
1410,282,星空オーケストラ,ほしぞらおーけすとら,master,29,,1159,,,,,,,2023-01-19
1411,283,レイニースノードロップ,れいにーすのーどろっぷ,easy,8,,422,,,,,,,2023-02-11
1412,283,レイニースノードロップ,れいにーすのーどろっぷ,normal,14,,552,,,,,,,2023-02-11
1413,283,レイニースノードロップ,れいにーすのーどろっぷ,hard,17,,997,,,,,,,2023-02-11
1414,283,レイニースノードロップ,れいにーすのーどろっぷ,expert,25,,1234,,,,,,,2023-02-11
1415,283,レイニースノードロップ,れいにーすのーどろっぷ,master,30,,1495,,,,,,,2023-02-11
1416,284,インビジブル,いんびじぶる,easy,8,,339,,,,,,,2022-10-05
1417,284,インビジブル,いんびじぶる,normal,13,,542,,,,,,,2022-10-05
1418,284,インビジブル,いんびじぶる,hard,19,,909,,,,,,,2022-10-05
1419,284,インビジブル,いんびじぶる,expert,28,,1385,,,,,,,2022-10-05
1420,284,インビジブル,いんびじぶる,master,32,,1436,,,,,,,2022-10-05
1421,285,ÅMARA(大未来電脳),あまらだいみらいでんのう,easy,8,,429,,,,,,,2022-10-11
1422,285,ÅMARA(大未来電脳),あまらだいみらいでんのう,normal,14,,575,,,,,,,2022-10-11
1423,285,ÅMARA(大未来電脳),あまらだいみらいでんのう,hard,19,,1031,,,,,,,2022-10-11
1424,285,ÅMARA(大未来電脳),あまらだいみらいでんのう,expert,28,,1342,,,,,,,2022-10-11
1425,285,ÅMARA(大未来電脳),あまらだいみらいでんのう,master,34,,1589,,,,,,,2022-10-11
1426,286,"Hello, Worker",はろーわーかー,easy,7,,245,,,,,,,2023-02-20
1427,286,"Hello, Worker",はろーわーかー,normal,12,,419,,,,,,,2023-02-20
1428,286,"Hello, Worker",はろーわーかー,hard,17,,523,,,,,,,2023-02-20
1429,286,"Hello, Worker",はろーわーかー,expert,25,,773,,,,,,,2023-02-20
1430,286,"Hello, Worker",はろーわーかー,master,28,,918,,,,,,,2023-02-20
1431,287,私は、私達は,わたしはわたしたちは,easy,7,,233,,,,,,,2023-02-17
1432,287,私は、私達は,わたしはわたしたちは,normal,12,,347,,,,,,,2023-02-17
1433,287,私は、私達は,わたしはわたしたちは,hard,18,,485,,,,,,,2023-02-17
1434,287,私は、私達は,わたしはわたしたちは,expert,24,,712,,,,,,,2023-02-17
1435,287,私は、私達は,わたしはわたしたちは,master,27,,918,,,,,,,2023-02-17
1436,288,アンハッピーリフレイン,あんはっぴーりふれいん,easy,9,,331,,,,,,,2022-10-02
1437,288,アンハッピーリフレイン,あんはっぴーりふれいん,normal,13,,474,,,,,,,2022-10-02
1438,288,アンハッピーリフレイン,あんはっぴーりふれいん,hard,19,,872,,,,,,,2022-10-02
1439,288,アンハッピーリフレイン,あんはっぴーりふれいん,expert,26,,1137,,,,,,,2022-10-02
1440,288,アンハッピーリフレイン,あんはっぴーりふれいん,master,31,,1353,,,,,,,2022-10-02
1441,289,天ノ弱,あまのじゃく,easy,8,,265,,,,,,,2022-10-01
1442,289,天ノ弱,あまのじゃく,normal,12,,334,,,,,,,2022-10-01
1443,289,天ノ弱,あまのじゃく,hard,17,,685,,,,,,,2022-10-01
1444,289,天ノ弱,あまのじゃく,expert,25,,982,,,,,,,2022-10-01
1445,289,天ノ弱,あまのじゃく,master,29,,1131,,,,,,,2022-10-01
1446,290,どんな結末がお望みだい？,どんなけつまつがおのぞみだい,easy,8,,215,,,,,,,2022-10-21
1447,290,どんな結末がお望みだい？,どんなけつまつがおのぞみだい,normal,12,,325,,,,,,,2022-10-21
1448,290,どんな結末がお望みだい？,どんなけつまつがおのぞみだい,hard,17,,494,,,,,,,2022-10-21
1449,290,どんな結末がお望みだい？,どんなけつまつがおのぞみだい,expert,24,,638,,,,,,,2022-10-21
1450,290,どんな結末がお望みだい？,どんなけつまつがおのぞみだい,master,28,,835,,,,,,,2022-10-21
1451,291,フェレス,ふぇれす,easy,9,,397,,,,,,,2023-01-05
1452,291,フェレス,ふぇれす,normal,13,,630,,,,,,,2023-01-05
1453,291,フェレス,ふぇれす,hard,18,,937,,,,,,,2023-01-05
1454,291,フェレス,ふぇれす,expert,26,,1374,,,,,,,2023-01-05
1455,291,フェレス,ふぇれす,master,30,,1397,,,,,,,2023-01-05
4007,291,フェレス,ふぇれす,append,31,,1744,,,,,,,2023-01-05
1456,292,いちにのさんで,いちにのさんで,easy,5,,123,,,,,,,2022-10-31
1457,292,いちにのさんで,いちにのさんで,normal,11,,262,,,,,,,2022-10-31
1458,292,いちにのさんで,いちにのさんで,hard,15,,379,,,,,,,2022-10-31
1459,292,いちにのさんで,いちにのさんで,expert,22,,595,,,,,,,2022-10-31
1460,292,いちにのさんで,いちにのさんで,master,26,,715,,,,,,,2022-10-31
4100,292,いちにのさんで,いちにのさんで,append,24,,791,,,,,,,2022-10-31
1461,293,アイロニ,あいろに,easy,5,,131,,,,,,,2023-02-13
1462,293,アイロニ,あいろに,normal,11,,261,,,,,,,2023-02-13
1463,293,アイロニ,あいろに,hard,17,,605,,,,,,,2023-02-13
1464,293,アイロニ,あいろに,expert,23,,861,,,,,,,2023-02-13
1465,293,アイロニ,あいろに,master,28,,943,,,,,,,2023-02-13
1466,294,それがあなたの幸せとしても,それがあなたのしあわせとしても,easy,5,,141,,,,,,,2023-01-03
1467,294,それがあなたの幸せとしても,それがあなたのしあわせとしても,normal,11,,263,,,,,,,2023-01-03
1468,294,それがあなたの幸せとしても,それがあなたのしあわせとしても,hard,16,,460,,,,,,,2023-01-03
1469,294,それがあなたの幸せとしても,それがあなたのしあわせとしても,expert,22,,615,,,,,,,2023-01-03
1470,294,それがあなたの幸せとしても,それがあなたのしあわせとしても,master,26,,814,,,,,,,2023-01-03
1471,295,フロート・プランナー,ふろーとぷらんなー,easy,6,,199,,,,,,,2022-11-30
1472,295,フロート・プランナー,ふろーとぷらんなー,normal,13,,344,,,,,,,2022-11-30
1473,295,フロート・プランナー,ふろーとぷらんなー,hard,17,,445,,,,,,,2022-11-30
1474,295,フロート・プランナー,ふろーとぷらんなー,expert,23,,685,,,,,,,2022-11-30
1475,295,フロート・プランナー,ふろーとぷらんなー,master,27,,832,,,,,,,2022-11-30
1476,296,カンタレラ,かんたれら,easy,6,,202,,,,,,,2022-12-31
1477,296,カンタレラ,かんたれら,normal,12,,426,,,,,,,2022-12-31
1478,296,カンタレラ,かんたれら,hard,17,,644,,,,,,,2022-12-31
1479,296,カンタレラ,かんたれら,expert,24,,870,,,,,,,2022-12-31
1480,296,カンタレラ,かんたれら,master,29,,1063,,,,,,,2022-12-31
1481,297,p.h.,ぺーはー,easy,6,,214,,,,,,,2023-01-23
1482,297,p.h.,ぺーはー,normal,12,,391,,,,,,,2023-01-23
1483,297,p.h.,ぺーはー,hard,18,,646,,,,,,,2023-01-23
1484,297,p.h.,ぺーはー,expert,24,,739,,,,,,,2023-01-23
1485,297,p.h.,ぺーはー,master,29,,872,,,,,,,2023-01-23
1486,298,ネトゲ廃人シュプレヒコール,ねとげはいじんしゅぷれひこーる,easy,8,,315,,,,,,,2022-12-30
1487,298,ネトゲ廃人シュプレヒコール,ねとげはいじんしゅぷれひこーる,normal,13,,634,,,,,,,2022-12-30
1488,298,ネトゲ廃人シュプレヒコール,ねとげはいじんしゅぷれひこーる,hard,18,,865,,,,,,,2022-12-30
1489,298,ネトゲ廃人シュプレヒコール,ねとげはいじんしゅぷれひこーる,expert,25,,1156,,,,,,,2022-12-30
1490,298,ネトゲ廃人シュプレヒコール,ねとげはいじんしゅぷれひこーる,master,31,,1463,,,,,,,2022-12-30
1491,299,エゴイスト,えごいすと,easy,8,,316,,,,,,,2023-03-13
1492,299,エゴイスト,えごいすと,normal,14,,612,,,,,,,2023-03-13
1493,299,エゴイスト,えごいすと,hard,18,,923,,,,,,,2023-03-13
1494,299,エゴイスト,えごいすと,expert,26,,1303,,,,,,,2023-03-13
1495,299,エゴイスト,えごいすと,master,31,,1548,,,,,,,2023-03-13
1496,300,ザムザ,ざむざ,easy,5,,169,,,,,,,2023-03-28
1497,300,ザムザ,ざむざ,normal,13,,251,,,,,,,2023-03-28
1498,300,ザムザ,ざむざ,hard,18,,694,,,,,,,2023-03-28
1499,300,ザムザ,ざむざ,expert,25,,779,,,,,,,2023-03-28
1500,300,ザムザ,ざむざ,master,30,,937,,,,,,,2023-03-28
4133,300,ザムザ,ざむざ,append,30,,1105,,,,,,,2023-03-28
1501,301,私の恋はヘルファイア,わたしのこいはへるふぁいあ,easy,9,,520,,,,,,,2023-04-03
1502,301,私の恋はヘルファイア,わたしのこいはへるふぁいあ,normal,13,,566,,,,,,,2023-04-03
1503,301,私の恋はヘルファイア,わたしのこいはへるふぁいあ,hard,18,,1184,,,,,,,2023-04-03
1504,301,私の恋はヘルファイア,わたしのこいはへるふぁいあ,expert,27,,1491,,,,,,,2023-04-03
1505,301,私の恋はヘルファイア,わたしのこいはへるふぁいあ,master,31,,1638,,,,,,,2023-04-03
1506,302,フレー,ふれー,easy,7,,321,,,,,,,2022-11-26
1507,302,フレー,ふれー,normal,13,,561,,,,,,,2022-11-26
1508,302,フレー,ふれー,hard,17,,750,,,,,,,2022-11-26
1509,302,フレー,ふれー,expert,26,,1067,,,,,,,2022-11-26
1510,302,フレー,ふれー,master,30,,1328,,,,,,,2022-11-26
1511,303,リンちゃんなう！,りんちゃんなう,easy,9,,323,,,,,,,2023-01-04
1512,303,リンちゃんなう！,りんちゃんなう,normal,12,,632,,,,,,,2023-01-04
1513,303,リンちゃんなう！,りんちゃんなう,hard,18,,855,,,,,,,2023-01-04
1514,303,リンちゃんなう！,りんちゃんなう,expert,25,,1098,,,,,,,2023-01-04
1515,303,リンちゃんなう！,りんちゃんなう,master,30,,1409,,,,,,,2023-01-04
1516,304,Iなんです,あいなんです,easy,8,,207,,,,,,,2022-11-20
1517,304,Iなんです,あいなんです,normal,13,,321,,,,,,,2022-11-20
1518,304,Iなんです,あいなんです,hard,18,,631,,,,,,,2022-11-20
1519,304,Iなんです,あいなんです,expert,26,,910,,,,,,,2022-11-20
1520,304,Iなんです,あいなんです,master,31,,1066,,,,,,,2022-11-20
4010,304,Iなんです,あいなんです,append,33,,1572,,,,,,,2022-11-20
1521,305,ストロボラスト,すとろぼらすと,easy,5,,183,,,,,,,2023-02-28
1522,305,ストロボラスト,すとろぼらすと,normal,12,,298,,,,,,,2023-02-28
1523,305,ストロボラスト,すとろぼらすと,hard,16,,489,,,,,,,2023-02-28
1524,305,ストロボラスト,すとろぼらすと,expert,23,,726,,,,,,,2023-02-28
1525,305,ストロボラスト,すとろぼらすと,master,28,,866,,,,,,,2023-02-28
1526,306,1925,いちきゅーにーごー,easy,6,,240,,,,,,,2023-02-15
1527,306,1925,いちきゅーにーごー,normal,11,,347,,,,,,,2023-02-15
1528,306,1925,いちきゅーにーごー,hard,17,,714,,,,,,,2023-02-15
1529,306,1925,いちきゅーにーごー,expert,24,,887,,,,,,,2023-02-15
1530,306,1925,いちきゅーにーごー,master,28,,1117,,,,,,,2023-02-15
1531,307,おこちゃま戦争,おこちゃませんそう,easy,8,,276,,,,,,,2023-04-17
1532,307,おこちゃま戦争,おこちゃませんそう,normal,13,,413,,,,,,,2023-04-17
1533,307,おこちゃま戦争,おこちゃませんそう,hard,18,,861,,,,,,,2023-04-17
1534,307,おこちゃま戦争,おこちゃませんそう,expert,27,,1259,,,,,,,2023-04-17
1535,307,おこちゃま戦争,おこちゃませんそう,master,31,,1394,,,,,,,2023-04-17
1536,308,ももいろの鍵,ももいろのかぎ,easy,7,,359,,,,,,,2023-04-28
1537,308,ももいろの鍵,ももいろのかぎ,normal,13,,476,,,,,,,2023-04-28
1538,308,ももいろの鍵,ももいろのかぎ,hard,19,,713,,,,,,,2023-04-28
1539,308,ももいろの鍵,ももいろのかぎ,expert,26,,1073,,,,,,,2023-04-28
1540,308,ももいろの鍵,ももいろのかぎ,master,31,,1187,,,,,,,2023-04-28
1541,309,Afterglow,あふたーぐろう,easy,8,,265,,,,,,,2023-07-07
1542,309,Afterglow,あふたーぐろう,normal,11,,330,,,,,,,2023-07-07
1543,309,Afterglow,あふたーぐろう,hard,16,,453,,,,,,,2023-07-07
1544,309,Afterglow,あふたーぐろう,expert,23,,727,,,,,,,2023-07-07
1545,309,Afterglow,あふたーぐろう,master,27,,844,,,,,,,2023-07-07
1546,310,Flyway,ふらいうぇい,easy,8,,361,,,,,,,2023-01-21
1547,310,Flyway,ふらいうぇい,normal,12,,491,,,,,,,2023-01-21
1548,310,Flyway,ふらいうぇい,hard,17,,733,,,,,,,2023-01-21
1549,310,Flyway,ふらいうぇい,expert,24,,1011,,,,,,,2023-01-21
1550,310,Flyway,ふらいうぇい,master,29,,1088,,,,,,,2023-01-21
4046,310,Flyway,ふらいうぇい,append,30,,1396,,,,,,,2023-01-21
1551,311,夜明けと蛍,よあけとほたる,easy,5,,162,,,,,,,2023-01-10
1552,311,夜明けと蛍,よあけとほたる,normal,10,,273,,,,,,,2023-01-10
1553,311,夜明けと蛍,よあけとほたる,hard,15,,457,,,,,,,2023-01-10
1554,311,夜明けと蛍,よあけとほたる,expert,22,,691,,,,,,,2023-01-10
1555,311,夜明けと蛍,よあけとほたる,master,26,,852,,,,,,,2023-01-10
4126,311,夜明けと蛍,よあけとほたる,append,25,,717,,,,,,,2023-01-10
1556,312,ココロ,こころ,easy,6,,336,,,,,,,2023-02-27
1557,312,ココロ,こころ,normal,12,,453,,,,,,,2023-02-27
1558,312,ココロ,こころ,hard,16,,630,,,,,,,2023-02-27
1559,312,ココロ,こころ,expert,24,,945,,,,,,,2023-02-27
1560,312,ココロ,こころ,master,28,,1090,,,,,,,2023-02-27
1561,313,FREELY TOMORROW,ふりーりーとぅもろー,easy,6,,193,,,,,,,2023-01-01
1562,313,FREELY TOMORROW,ふりーりーとぅもろー,normal,11,,373,,,,,,,2023-01-01
1563,313,FREELY TOMORROW,ふりーりーとぅもろー,hard,16,,642,,,,,,,2023-01-01
1564,313,FREELY TOMORROW,ふりーりーとぅもろー,expert,24,,905,,,,,,,2023-01-01
1565,313,FREELY TOMORROW,ふりーりーとぅもろー,master,29,,1121,,,,,,,2023-01-01
1566,314,陽だまりのセツナ,ひだまりのせつな,easy,8,,419,,,,,,,2022-12-12
1567,314,陽だまりのセツナ,ひだまりのせつな,normal,12,,517,,,,,,,2022-12-12
1568,314,陽だまりのセツナ,ひだまりのせつな,hard,17,,713,,,,,,,2022-12-12
1569,314,陽だまりのセツナ,ひだまりのせつな,expert,23,,932,,,,,,,2022-12-12
1570,314,陽だまりのセツナ,ひだまりのせつな,master,28,,1105,,,,,,,2022-12-12
1571,315,What's up? Pop!,わっつあっぷぽっぷ,easy,9,,469,,,,,,,2022-12-23
1572,315,What's up? Pop!,わっつあっぷぽっぷ,normal,14,,731,,,,,,,2022-12-23
1573,315,What's up? Pop!,わっつあっぷぽっぷ,hard,22,,1175,,,,,,,2022-12-23
1574,315,What's up? Pop!,わっつあっぷぽっぷ,expert,31,,1804,,,,,,,2022-12-23
1575,315,What's up? Pop!,わっつあっぷぽっぷ,master,37,,2362,,,,,,,2022-12-23
1576,316,ひつじがいっぴき,ひつじがいっぴき,easy,9,,384,,,,,,,2023-02-19
1577,316,ひつじがいっぴき,ひつじがいっぴき,normal,13,,539,,,,,,,2023-02-19
1578,316,ひつじがいっぴき,ひつじがいっぴき,hard,17,,838,,,,,,,2023-02-19
1579,316,ひつじがいっぴき,ひつじがいっぴき,expert,25,,1120,,,,,,,2023-02-19
1580,316,ひつじがいっぴき,ひつじがいっぴき,master,28,,1305,,,,,,,2023-02-19
1581,317,魔法みたいなミュージック！,まほうみたいなみゅーじっく,easy,9,,374,,,,,,,2023-04-10
1582,317,魔法みたいなミュージック！,まほうみたいなみゅーじっく,normal,12,,431,,,,,,,2023-04-10
1583,317,魔法みたいなミュージック！,まほうみたいなみゅーじっく,hard,18,,744,,,,,,,2023-04-10
1584,317,魔法みたいなミュージック！,まほうみたいなみゅーじっく,expert,25,,1080,,,,,,,2023-04-10
1585,317,魔法みたいなミュージック！,まほうみたいなみゅーじっく,master,31,,1271,,,,,,,2023-04-10
1586,318,Sharing The World,しぇありんぐざわーるど,easy,6,,252,,,,,,,2023-05-12
1587,318,Sharing The World,しぇありんぐざわーるど,normal,11,,384,,,,,,,2023-05-12
1588,318,Sharing The World,しぇありんぐざわーるど,hard,17,,712,,,,,,,2023-05-12
1589,318,Sharing The World,しぇありんぐざわーるど,expert,23,,937,,,,,,,2023-05-12
1590,318,Sharing The World,しぇありんぐざわーるど,master,27,,1122,,,,,,,2023-05-12
1591,319,Decade,でぃけいど,easy,6,,212,,,,,,,2023-07-28
1592,319,Decade,でぃけいど,normal,11,,334,,,,,,,2023-07-28
1593,319,Decade,でぃけいど,hard,16,,618,,,,,,,2023-07-28
1594,319,Decade,でぃけいど,expert,24,,839,,,,,,,2023-07-28
1595,319,Decade,でぃけいど,master,30,,1057,,,,,,,2023-07-28
1596,320,Booo!,ぶー,easy,9,,166,,,,,,,2023-03-07
1597,320,Booo!,ぶー,normal,14,,427,,,,,,,2023-03-07
1598,320,Booo!,ぶー,hard,18,,599,,,,,,,2023-03-07
1599,320,Booo!,ぶー,expert,25,,823,,,,,,,2023-03-07
1600,320,Booo!,ぶー,master,29,,860,,,,,,,2023-03-07
1601,321,アトラクトライト,あとらくとらいと,easy,8,,396,,,,,,,2023-03-24
1602,321,アトラクトライト,あとらくとらいと,normal,14,,691,,,,,,,2023-03-24
1603,321,アトラクトライト,あとらくとらいと,hard,17,,878,,,,,,,2023-03-24
1604,321,アトラクトライト,あとらくとらいと,expert,25,,1295,,,,,,,2023-03-24
1605,321,アトラクトライト,あとらくとらいと,master,30,,1455,,,,,,,2023-03-24
1606,322,絶え間なく藍色,たえまなくあいいろ,easy,6,,287,,,,,,,2023-04-21
1607,322,絶え間なく藍色,たえまなくあいいろ,normal,12,,403,,,,,,,2023-04-21
1608,322,絶え間なく藍色,たえまなくあいいろ,hard,17,,682,,,,,,,2023-04-21
1609,322,絶え間なく藍色,たえまなくあいいろ,expert,24,,1002,,,,,,,2023-04-21
1610,322,絶え間なく藍色,たえまなくあいいろ,master,28,,1089,,,,,,,2023-04-21
1611,323,快晴,かいせい,easy,7,,415,,,,,,,2023-05-01
1612,323,快晴,かいせい,normal,13,,582,,,,,,,2023-05-01
1613,323,快晴,かいせい,hard,17,,959,,,,,,,2023-05-01
1614,323,快晴,かいせい,expert,25,,1286,,,,,,,2023-05-01
1615,323,快晴,かいせい,master,29,,1533,,,,,,,2023-05-01
1616,324,箱庭のコラル,はこにわのこらる,easy,6,,255,,,,,,,2023-05-29
1617,324,箱庭のコラル,はこにわのこらる,normal,12,,387,,,,,,,2023-05-29
1618,324,箱庭のコラル,はこにわのこらる,hard,17,,638,,,,,,,2023-05-29
1619,324,箱庭のコラル,はこにわのこらる,expert,23,,862,,,,,,,2023-05-29
1620,324,箱庭のコラル,はこにわのこらる,master,27,,981,,,,,,,2023-05-29
4122,324,箱庭のコラル,はこにわのこらる,append,29,,1220,,,,,,,2023-05-29
1621,325,豚になってyeah yeah,ぶたになっていえいいえい,easy,5,,129,,,,,,,2023-10-05
1622,325,豚になってyeah yeah,ぶたになっていえいいえい,normal,12,,259,,,,,,,2023-10-05
1623,325,豚になってyeah yeah,ぶたになっていえいいえい,hard,17,,432,,,,,,,2023-10-05
1624,325,豚になってyeah yeah,ぶたになっていえいいえい,expert,24,,705,,,,,,,2023-10-05
1625,325,豚になってyeah yeah,ぶたになっていえいいえい,master,28,,778,,,,,,,2023-10-05
1626,326,天使の翼。,てんしのつばさ,easy,6,,312,,,,,,,2023-02-07
1627,326,天使の翼。,てんしのつばさ,normal,12,,476,,,,,,,2023-02-07
1628,326,天使の翼。,てんしのつばさ,hard,18,,885,,,,,,,2023-02-07
1629,326,天使の翼。,てんしのつばさ,expert,24,,1072,,,,,,,2023-02-07
1630,326,天使の翼。,てんしのつばさ,master,28,,1340,,,,,,,2023-02-07
1631,327,SnowMix♪,すのうみっくす,easy,8,,413,,,,,,,2023-02-04
1632,327,SnowMix♪,すのうみっくす,normal,12,,549,,,,,,,2023-02-04
1633,327,SnowMix♪,すのうみっくす,hard,18,,939,,,,,,,2023-02-04
1634,327,SnowMix♪,すのうみっくす,expert,27,,1321,,,,,,,2023-02-04
1635,327,SnowMix♪,すのうみっくす,master,30,,1441,,,,,,,2023-02-04
1636,328,星界ちゃんと可不ちゃんのおつかい合騒曲,せかいちゃんとかふちゃんのおつかいがっそうきょく,easy,9,,497,,,,,,,2023-02-06
1637,328,星界ちゃんと可不ちゃんのおつかい合騒曲,せかいちゃんとかふちゃんのおつかいがっそうきょく,normal,14,,574,,,,,,,2023-02-06
1638,328,星界ちゃんと可不ちゃんのおつかい合騒曲,せかいちゃんとかふちゃんのおつかいがっそうきょく,hard,20,,951,,,,,,,2023-02-06
1639,328,星界ちゃんと可不ちゃんのおつかい合騒曲,せかいちゃんとかふちゃんのおつかいがっそうきょく,expert,29,,1491,,,,,,,2023-02-06
1640,328,星界ちゃんと可不ちゃんのおつかい合騒曲,せかいちゃんとかふちゃんのおつかいがっそうきょく,master,32,,1626,,,,,,,2023-02-06
1641,329,ヤミナベ!!!!,やみなべ,easy,9,,451,,,,,,,2023-03-04
1642,329,ヤミナベ!!!!,やみなべ,normal,15,,596,,,,,,,2023-03-04
1643,329,ヤミナベ!!!!,やみなべ,hard,23,,1121,,,,,,,2023-03-04
1644,329,ヤミナベ!!!!,やみなべ,expert,31,,1539,,,,,,,2023-03-04
1645,329,ヤミナベ!!!!,やみなべ,master,37,,2015,,,,,,,2023-03-04
1646,330,インタビュア,いんたびゅあ,easy,6,,254,,,,,,,2023-04-02
1647,330,インタビュア,いんたびゅあ,normal,12,,305,,,,,,,2023-04-02
1648,330,インタビュア,いんたびゅあ,hard,16,,546,,,,,,,2023-04-02
1649,330,インタビュア,いんたびゅあ,expert,23,,1006,,,,,,,2023-04-02
1650,330,インタビュア,いんたびゅあ,master,26,,1097,,,,,,,2023-04-02
1651,331,39,さんきゅー,easy,9,,339,,,,,,,2023-03-09
1652,331,39,さんきゅー,normal,13,,539,,,,,,,2023-03-09
1653,331,39,さんきゅー,hard,18,,839,,,,,,,2023-03-09
1654,331,39,さんきゅー,expert,24,,1139,,,,,,,2023-03-09
1655,331,39,さんきゅー,master,29,,1339,,,,,,,2023-03-09
1656,332,エピローグに君はいない,えぴろーぐにきみはいない,easy,5,,154,,,,,,,2023-03-16
1657,332,エピローグに君はいない,えぴろーぐにきみはいない,normal,11,,221,,,,,,,2023-03-16
1658,332,エピローグに君はいない,えぴろーぐにきみはいない,hard,16,,406,,,,,,,2023-03-16
1659,332,エピローグに君はいない,えぴろーぐにきみはいない,expert,23,,596,,,,,,,2023-03-16
1660,332,エピローグに君はいない,えぴろーぐにきみはいない,master,26,,625,,,,,,,2023-03-16
1661,333,Mr. Showtime,みすたーしょうたいむ,easy,9,,449,,,,,,,2023-03-11
1662,333,Mr. Showtime,みすたーしょうたいむ,normal,14,,762,,,,,,,2023-03-11
1663,333,Mr. Showtime,みすたーしょうたいむ,hard,19,,1067,,,,,,,2023-03-11
1664,333,Mr. Showtime,みすたーしょうたいむ,expert,26,,1341,,,,,,,2023-03-11
1665,333,Mr. Showtime,みすたーしょうたいむ,master,31,,1497,,,,,,,2023-03-11
1666,334,Vampire's ∞ pathoS,ヴぁんぱいあずぱとす,easy,8,,309,,,,,,,2023-03-31
1667,334,Vampire's ∞ pathoS,ヴぁんぱいあずぱとす,normal,13,,401,,,,,,,2023-03-31
1668,334,Vampire's ∞ pathoS,ヴぁんぱいあずぱとす,hard,19,,761,,,,,,,2023-03-31
1669,334,Vampire's ∞ pathoS,ヴぁんぱいあずぱとす,expert,27,,992,,,,,,,2023-03-31
1670,334,Vampire's ∞ pathoS,ヴぁんぱいあずぱとす,master,31,,1100,,,,,,,2023-03-31
1671,335,トラッシュ・アンド・トラッシュ！,とらっしゅあんどとらっしゅ,easy,9,,400,,,,,,,2023-03-30
1672,335,トラッシュ・アンド・トラッシュ！,とらっしゅあんどとらっしゅ,normal,13,,483,,,,,,,2023-03-30
1673,335,トラッシュ・アンド・トラッシュ！,とらっしゅあんどとらっしゅ,hard,19,,693,,,,,,,2023-03-30
1674,335,トラッシュ・アンド・トラッシュ！,とらっしゅあんどとらっしゅ,expert,27,,1022,,,,,,,2023-03-30
1675,335,トラッシュ・アンド・トラッシュ！,とらっしゅあんどとらっしゅ,master,31,,1181,,,,,,,2023-03-30
1676,336,Be The MUSIC!,びーざみゅーじっく,easy,6,,225,,,,,,,2023-03-31
1677,336,Be The MUSIC!,びーざみゅーじっく,normal,12,,446,,,,,,,2023-03-31
1678,336,Be The MUSIC!,びーざみゅーじっく,hard,20,,870,,,,,,,2023-03-31
1679,336,Be The MUSIC!,びーざみゅーじっく,expert,26,,1121,,,,,,,2023-03-31
1680,336,Be The MUSIC!,びーざみゅーじっく,master,29,,1247,,,,,,,2023-03-31
1681,337,METEOR,みーてぃあ,easy,7,,321,,,,,,,2023-04-01
1682,337,METEOR,みーてぃあ,normal,14,,482,,,,,,,2023-04-01
1683,337,METEOR,みーてぃあ,hard,19,,827,,,,,,,2023-04-01
1684,337,METEOR,みーてぃあ,expert,25,,1160,,,,,,,2023-04-01
1685,337,METEOR,みーてぃあ,master,30,,1323,,,,,,,2023-04-01
1686,338,Where shall we go?,うぇあしゃるうぃーごー,easy,6,,249,,,,,,,2023-02-24
1687,338,Where shall we go?,うぇあしゃるうぃーごー,normal,11,,344,,,,,,,2023-02-24
1688,338,Where shall we go?,うぇあしゃるうぃーごー,hard,16,,452,,,,,,,2023-02-24
1689,338,Where shall we go?,うぇあしゃるうぃーごー,expert,21,,594,,,,,,,2023-02-24
1690,338,Where shall we go?,うぇあしゃるうぃーごー,master,26,,735,,,,,,,2023-02-24
1691,339,glow,ぐろう,easy,5,,294,,,,,,,2023-06-23
1692,339,glow,ぐろう,normal,11,,359,,,,,,,2023-06-23
1693,339,glow,ぐろう,hard,17,,644,,,,,,,2023-06-23
1694,339,glow,ぐろう,expert,22,,875,,,,,,,2023-06-23
1695,339,glow,ぐろう,master,26,,987,,,,,,,2023-06-23
4072,339,glow,ぐろう,append,25,,855,,,,,,,2023-06-23
1696,340,とても素敵な六月でした,とてもすてきなろくがつでした,easy,9,,372,,,,,,,2023-06-26
1697,340,とても素敵な六月でした,とてもすてきなろくがつでした,normal,12,,524,,,,,,,2023-06-26
1698,340,とても素敵な六月でした,とてもすてきなろくがつでした,hard,18,,889,,,,,,,2023-06-26
1699,340,とても素敵な六月でした,とてもすてきなろくがつでした,expert,24,,1273,,,,,,,2023-06-26
1700,340,とても素敵な六月でした,とてもすてきなろくがつでした,master,29,,1491,,,,,,,2023-06-26
1701,341,難聴系男子が倒せない,なんちょうけいだんしがたおせない,easy,7,,305,,,,,,,2023-12-18
1702,341,難聴系男子が倒せない,なんちょうけいだんしがたおせない,normal,12,,394,,,,,,,2023-12-18
1703,341,難聴系男子が倒せない,なんちょうけいだんしがたおせない,hard,17,,737,,,,,,,2023-12-18
1704,341,難聴系男子が倒せない,なんちょうけいだんしがたおせない,expert,25,,1028,,,,,,,2023-12-18
1705,341,難聴系男子が倒せない,なんちょうけいだんしがたおせない,master,30,,1234,,,,,,,2023-12-18
1706,342,Blue Star,ぶるーすたー,easy,6,,272,,,,,,,2023-05-26
1707,342,Blue Star,ぶるーすたー,normal,12,,448,,,,,,,2023-05-26
1708,342,Blue Star,ぶるーすたー,hard,17,,688,,,,,,,2023-05-26
1709,342,Blue Star,ぶるーすたー,expert,25,,1046,,,,,,,2023-05-26
1710,342,Blue Star,ぶるーすたー,master,29,,1163,,,,,,,2023-05-26
1711,343,スノーマン,すのーまん,easy,6,,217,,,,,,,2023-04-04
1712,343,スノーマン,すのーまん,normal,12,,403,,,,,,,2023-04-04
1713,343,スノーマン,すのーまん,hard,18,,726,,,,,,,2023-04-04
1714,343,スノーマン,すのーまん,expert,24,,1001,,,,,,,2023-04-04
1715,343,スノーマン,すのーまん,master,29,,1243,,,,,,,2023-04-04
1716,344,脳内革命ガール,のうないかくめいがーる,easy,9,,448,,,,,,,2023-07-24
1717,344,脳内革命ガール,のうないかくめいがーる,normal,13,,534,,,,,,,2023-07-24
1718,344,脳内革命ガール,のうないかくめいがーる,hard,18,,1005,,,,,,,2023-07-24
1719,344,脳内革命ガール,のうないかくめいがーる,expert,27,,1189,,,,,,,2023-07-24
1720,344,脳内革命ガール,のうないかくめいがーる,master,31,,1269,,,,,,,2023-07-24
1721,345,演劇,えんげき,easy,8,,364,,,,,,,2023-07-19
1722,345,演劇,えんげき,normal,11,,384,,,,,,,2023-07-19
1723,345,演劇,えんげき,hard,17,,729,,,,,,,2023-07-19
1724,345,演劇,えんげき,expert,24,,983,,,,,,,2023-07-19
1725,345,演劇,えんげき,master,28,,984,,,,,,,2023-07-19
1726,346,嗚呼、素晴らしきニャン生,ああすばらしきにゃんせい,easy,8,,271,,,,,,,2023-06-12
1727,346,嗚呼、素晴らしきニャン生,ああすばらしきにゃんせい,normal,13,,460,,,,,,,2023-06-12
1728,346,嗚呼、素晴らしきニャン生,ああすばらしきにゃんせい,hard,18,,870,,,,,,,2023-06-12
1729,346,嗚呼、素晴らしきニャン生,ああすばらしきにゃんせい,expert,24,,1125,,,,,,,2023-06-12
1730,346,嗚呼、素晴らしきニャン生,ああすばらしきにゃんせい,master,29,,1374,,,,,,,2023-06-12
1731,347,円尾坂の仕立屋,えんびざかのしたてや,easy,8,,216,,,,,,,2023-05-05
1732,347,円尾坂の仕立屋,えんびざかのしたてや,normal,12,,510,,,,,,,2023-05-05
1733,347,円尾坂の仕立屋,えんびざかのしたてや,hard,16,,688,,,,,,,2023-05-05
1734,347,円尾坂の仕立屋,えんびざかのしたてや,expert,24,,842,,,,,,,2023-05-05
1735,347,円尾坂の仕立屋,えんびざかのしたてや,master,28,,1007,,,,,,,2023-05-05
1736,348,悪徳のジャッジメント,あくとくのじゃっじめんと,easy,6,,177,,,,,,,2023-05-06
1737,348,悪徳のジャッジメント,あくとくのじゃっじめんと,normal,12,,340,,,,,,,2023-05-06
1738,348,悪徳のジャッジメント,あくとくのじゃっじめんと,hard,17,,555,,,,,,,2023-05-06
1739,348,悪徳のジャッジメント,あくとくのじゃっじめんと,expert,24,,777,,,,,,,2023-05-06
1740,348,悪徳のジャッジメント,あくとくのじゃっじめんと,master,28,,983,,,,,,,2023-05-06
1741,349,悪食娘コンチータ,あくじきむすめこんちーた,easy,7,,172,,,,,,,2023-05-03
1742,349,悪食娘コンチータ,あくじきむすめこんちーた,normal,13,,325,,,,,,,2023-05-03
1743,349,悪食娘コンチータ,あくじきむすめこんちーた,hard,19,,565,,,,,,,2023-05-03
1744,349,悪食娘コンチータ,あくじきむすめこんちーた,expert,26,,791,,,,,,,2023-05-03
1745,349,悪食娘コンチータ,あくじきむすめこんちーた,master,29,,851,,,,,,,2023-05-03
1746,350,眠らせ姫からの贈り物,ねむらせひめからのおくりもの,easy,6,,191,,,,,,,2023-05-04
1747,350,眠らせ姫からの贈り物,ねむらせひめからのおくりもの,normal,12,,304,,,,,,,2023-05-04
1748,350,眠らせ姫からの贈り物,ねむらせひめからのおくりもの,hard,18,,609,,,,,,,2023-05-04
1749,350,眠らせ姫からの贈り物,ねむらせひめからのおくりもの,expert,24,,904,,,,,,,2023-05-04
1750,350,眠らせ姫からの贈り物,ねむらせひめからのおくりもの,master,27,,1003,,,,,,,2023-05-04
1751,351,相生,あいおい,easy,6,,255,,,,,,,2023-04-11
1752,351,相生,あいおい,normal,13,,493,,,,,,,2023-04-11
1753,351,相生,あいおい,hard,18,,712,,,,,,,2023-04-11
1754,351,相生,あいおい,expert,22,,879,,,,,,,2023-04-11
1755,351,相生,あいおい,master,26,,1232,,,,,,,2023-04-11
1756,352,命ばっかり,いのちばっかり,easy,6,,221,,,,,,,2023-04-24
1757,352,命ばっかり,いのちばっかり,normal,14,,356,,,,,,,2023-04-24
1758,352,命ばっかり,いのちばっかり,hard,18,,708,,,,,,,2023-04-24
1759,352,命ばっかり,いのちばっかり,expert,25,,1037,,,,,,,2023-04-24
1760,352,命ばっかり,いのちばっかり,master,28,,1092,,,,,,,2023-04-24
1761,353,キティ,きてぃ,easy,6,,165,,,,,,,2023-04-30
1762,353,キティ,きてぃ,normal,13,,298,,,,,,,2023-04-30
1763,353,キティ,きてぃ,hard,20,,706,,,,,,,2023-04-30
1764,353,キティ,きてぃ,expert,28,,982,,,,,,,2023-04-30
1765,353,キティ,きてぃ,master,31,,982,,,,,,,2023-04-30
1766,354,セツナトリップ,せつなとりっぷ,easy,6,,418,,,,,,,2023-05-15
1767,354,セツナトリップ,せつなとりっぷ,normal,12,,524,,,,,,,2023-05-15
1768,354,セツナトリップ,せつなとりっぷ,hard,20,,938,,,,,,,2023-05-15
1769,354,セツナトリップ,せつなとりっぷ,expert,27,,1275,,,,,,,2023-05-15
1770,354,セツナトリップ,せつなとりっぷ,master,32,,1370,,,,,,,2023-05-15
1771,355,白い雪のプリンセスは,しろいゆきのプリンセスは,easy,9,,536,,,,,,,2023-09-11
1772,355,白い雪のプリンセスは,しろいゆきのプリンセスは,normal,14,,695,,,,,,,2023-09-11
1773,355,白い雪のプリンセスは,しろいゆきのプリンセスは,hard,17,,908,,,,,,,2023-09-11
1774,355,白い雪のプリンセスは,しろいゆきのプリンセスは,expert,24,,1273,,,,,,,2023-09-11
1775,355,白い雪のプリンセスは,しろいゆきのプリンセスは,master,29,,1478,,,,,,,2023-09-11
1776,356,リアライズ,りあらいず,easy,7,,204,,,,,,,2023-08-19
1777,356,リアライズ,りあらいず,normal,13,,241,,,,,,,2023-08-19
1778,356,リアライズ,りあらいず,hard,19,,465,,,,,,,2023-08-19
1779,356,リアライズ,りあらいず,expert,25,,744,,,,,,,2023-08-19
1780,356,リアライズ,りあらいず,master,29,,851,,,,,,,2023-08-19
1781,357,ブループラネット,ぶるーぷらねっと,easy,8,,320,,,,,,,2023-08-30
1782,357,ブループラネット,ぶるーぷらねっと,normal,13,,478,,,,,,,2023-08-30
1783,357,ブループラネット,ぶるーぷらねっと,hard,19,,962,,,,,,,2023-08-30
1784,357,ブループラネット,ぶるーぷらねっと,expert,26,,1287,,,,,,,2023-08-30
1785,357,ブループラネット,ぶるーぷらねっと,master,30,,1357,,,,,,,2023-08-30
1786,358,心做し,こころなし,easy,5,,136,,,,,,,2023-08-28
1787,358,心做し,こころなし,normal,12,,234,,,,,,,2023-08-28
1788,358,心做し,こころなし,hard,16,,456,,,,,,,2023-08-28
1789,358,心做し,こころなし,expert,22,,676,,,,,,,2023-08-28
1790,358,心做し,こころなし,master,26,,832,,,,,,,2023-08-28
1791,359,名も無き革命,なもなきかくめい,easy,8,,284,,,,,,,2023-04-14
1792,359,名も無き革命,なもなきかくめい,normal,12,,458,,,,,,,2023-04-14
1793,359,名も無き革命,なもなきかくめい,hard,18,,698,,,,,,,2023-04-14
1794,359,名も無き革命,なもなきかくめい,expert,24,,995,,,,,,,2023-04-14
1795,359,名も無き革命,なもなきかくめい,master,29,,1099,,,,,,,2023-04-14
1796,360,太陽系デスコ,たいようけいですこ,easy,7,,257,,,,,,,2023-07-12
1797,360,太陽系デスコ,たいようけいですこ,normal,13,,489,,,,,,,2023-07-12
1798,360,太陽系デスコ,たいようけいですこ,hard,17,,651,,,,,,,2023-07-12
1799,360,太陽系デスコ,たいようけいですこ,expert,23,,1018,,,,,,,2023-07-12
1800,360,太陽系デスコ,たいようけいですこ,master,28,,1188,,,,,,,2023-07-12
1801,361,きゅうくらりん,きゅうくらりん,easy,9,,351,,,,,,,2023-07-03
1802,361,きゅうくらりん,きゅうくらりん,normal,14,,427,,,,,,,2023-07-03
1803,361,きゅうくらりん,きゅうくらりん,hard,20,,768,,,,,,,2023-07-03
1804,361,きゅうくらりん,きゅうくらりん,expert,27,,1141,,,,,,,2023-07-03
1805,361,きゅうくらりん,きゅうくらりん,master,31,,1148,,,,,,,2023-07-03
1806,362,Wonder Style,わんだーすたいる,easy,6,,254,,,,,,,2023-06-07
1807,362,Wonder Style,わんだーすたいる,normal,11,,412,,,,,,,2023-06-07
1808,362,Wonder Style,わんだーすたいる,hard,18,,524,,,,,,,2023-06-07
1809,362,Wonder Style,わんだーすたいる,expert,24,,888,,,,,,,2023-06-07
1810,362,Wonder Style,わんだーすたいる,master,28,,1013,,,,,,,2023-06-07
1811,363,UNDERWATER,あんだーうぉーたー,easy,6,,195,,,,,,,2023-06-28
1812,363,UNDERWATER,あんだーうぉーたー,normal,11,,393,,,,,,,2023-06-28
1813,363,UNDERWATER,あんだーうぉーたー,hard,16,,565,,,,,,,2023-06-28
1814,363,UNDERWATER,あんだーうぉーたー,expert,24,,971,,,,,,,2023-06-28
1815,363,UNDERWATER,あんだーうぉーたー,master,29,,1062,,,,,,,2023-06-28
1816,364,エターナルアリア,えたーなるありあ,easy,8,,397,,,,,,,2023-05-22
1817,364,エターナルアリア,えたーなるありあ,normal,14,,712,,,,,,,2023-05-22
1818,364,エターナルアリア,えたーなるありあ,hard,19,,1004,,,,,,,2023-05-22
1819,364,エターナルアリア,えたーなるありあ,expert,27,,1272,,,,,,,2023-05-22
1820,364,エターナルアリア,えたーなるありあ,master,30,,1364,,,,,,,2023-05-22
1821,365,恋は戦争,こいはせんそう,easy,8,,358,,,,,,,2023-10-06
1822,365,恋は戦争,こいはせんそう,normal,12,,543,,,,,,,2023-10-06
1823,365,恋は戦争,こいはせんそう,hard,16,,687,,,,,,,2023-10-06
1824,365,恋は戦争,こいはせんそう,expert,23,,1081,,,,,,,2023-10-06
1825,365,恋は戦争,こいはせんそう,master,27,,1262,,,,,,,2023-10-06
1826,366,NEO,ねお,easy,8,,326,,,,,,,2023-09-29
1827,366,NEO,ねお,normal,13,,446,,,,,,,2023-09-29
1828,366,NEO,ねお,hard,19,,629,,,,,,,2023-09-29
1829,366,NEO,ねお,expert,25,,939,,,,,,,2023-09-29
1830,366,NEO,ねお,master,29,,988,,,,,,,2023-09-29
4012,366,NEO,ねお,append,32,,1365,,,,,,,2023-09-29
1831,367,すきなことだけでいいです,すきなことだけでいいです,easy,6,,297,,,,,,,2023-10-08
1832,367,すきなことだけでいいです,すきなことだけでいいです,normal,12,,419,,,,,,,2023-10-08
1833,367,すきなことだけでいいです,すきなことだけでいいです,hard,18,,683,,,,,,,2023-10-08
1834,367,すきなことだけでいいです,すきなことだけでいいです,expert,26,,1081,,,,,,,2023-10-08
1835,367,すきなことだけでいいです,すきなことだけでいいです,master,31,,1223,,,,,,,2023-10-08
1836,368,アイムマイン,あいむまいん,easy,6,,328,,,,,,,2023-10-01
1837,368,アイムマイン,あいむまいん,normal,13,,489,,,,,,,2023-10-01
1838,368,アイムマイン,あいむまいん,hard,19,,764,,,,,,,2023-10-01
1839,368,アイムマイン,あいむまいん,expert,25,,1058,,,,,,,2023-10-01
1840,368,アイムマイン,あいむまいん,master,29,,1189,,,,,,,2023-10-01
4124,368,アイムマイン,あいむまいん,append,26,,1245,,,,,,,2023-10-01
1841,369,メランコリック,めらんこりっく,easy,6,,273,,,,,,,2023-10-04
1842,369,メランコリック,めらんこりっく,normal,13,,369,,,,,,,2023-10-04
1843,369,メランコリック,めらんこりっく,hard,16,,610,,,,,,,2023-10-04
1844,369,メランコリック,めらんこりっく,expert,24,,917,,,,,,,2023-10-04
1845,369,メランコリック,めらんこりっく,master,27,,1100,,,,,,,2023-10-04
1846,370,人生,じんせい,easy,9,,459,,,,,,,2023-06-02
1847,370,人生,じんせい,normal,14,,630,,,,,,,2023-06-02
1848,370,人生,じんせい,hard,23,,1057,,,,,,,2023-06-02
1849,370,人生,じんせい,expert,31,,1441,,,,,,,2023-06-02
1850,370,人生,じんせい,master,37,,2242,,,,,,,2023-06-02
1856,372,天樂,てんがく,easy,9,,532,,,,,,,2023-10-02
1857,372,天樂,てんがく,normal,13,,642,,,,,,,2023-10-02
1858,372,天樂,てんがく,hard,18,,1126,,,,,,,2023-10-02
1859,372,天樂,てんがく,expert,25,,1396,,,,,,,2023-10-02
1860,372,天樂,てんがく,master,29,,1554,,,,,,,2023-10-02
1861,373,下剋上,げこくじょう,easy,8,,407,,,,,,,2023-06-10
1862,373,下剋上,げこくじょう,normal,12,,457,,,,,,,2023-06-10
1863,373,下剋上,げこくじょう,hard,18,,908,,,,,,,2023-06-10
1864,373,下剋上,げこくじょう,expert,25,,1228,,,,,,,2023-06-10
1865,373,下剋上,げこくじょう,master,30,,1245,,,,,,,2023-06-10
1866,374,チームメイト,ちーむめいと,easy,8,,255,,,,,,,2023-06-20
1867,374,チームメイト,ちーむめいと,normal,12,,380,,,,,,,2023-06-20
1868,374,チームメイト,ちーむめいと,hard,18,,612,,,,,,,2023-06-20
1869,374,チームメイト,ちーむめいと,expert,24,,803,,,,,,,2023-06-20
1870,374,チームメイト,ちーむめいと,master,30,,1090,,,,,,,2023-06-20
1871,375,星を繋ぐ,ほしをつなぐ,easy,7,,178,,,,,,,2023-07-21
1872,375,星を繋ぐ,ほしをつなぐ,normal,12,,301,,,,,,,2023-07-21
1873,375,星を繋ぐ,ほしをつなぐ,hard,18,,544,,,,,,,2023-07-21
1874,375,星を繋ぐ,ほしをつなぐ,expert,24,,753,,,,,,,2023-07-21
1875,375,星を繋ぐ,ほしをつなぐ,master,28,,821,,,,,,,2023-07-21
4059,375,星を繋ぐ,ほしをつなぐ,append,27,,1035,,,,,,,2023-07-21
1876,376,我儘姫,わがままひめ,easy,6,,171,,,,,,,2023-10-25
1877,376,我儘姫,わがままひめ,normal,11,,374,,,,,,,2023-10-25
1878,376,我儘姫,わがままひめ,hard,18,,683,,,,,,,2023-10-25
1879,376,我儘姫,わがままひめ,expert,26,,1040,,,,,,,2023-10-25
1880,376,我儘姫,わがままひめ,master,30,,1188,,,,,,,2023-10-25
1881,377,悪役にキスシーンを,あくやくにきすしーんを,easy,6,,276,,,,,,,2023-10-23
1882,377,悪役にキスシーンを,あくやくにきすしーんを,normal,12,,413,,,,,,,2023-10-23
1883,377,悪役にキスシーンを,あくやくにきすしーんを,hard,18,,679,,,,,,,2023-10-23
1884,377,悪役にキスシーンを,あくやくにきすしーんを,expert,25,,998,,,,,,,2023-10-23
1885,377,悪役にキスシーンを,あくやくにきすしーんを,master,29,,1188,,,,,,,2023-10-23
1886,378,スロウダウナー,すろうだうなー,easy,8,,313,,,,,,,2023-12-25
1887,378,スロウダウナー,すろうだうなー,normal,13,,461,,,,,,,2023-12-25
1888,378,スロウダウナー,すろうだうなー,hard,18,,702,,,,,,,2023-12-25
1889,378,スロウダウナー,すろうだうなー,expert,26,,1054,,,,,,,2023-12-25
1890,378,スロウダウナー,すろうだうなー,master,30,,1418,,,,,,,2023-12-25
1891,379,ずんだパーリナイ,ずんだぱーりない,easy,7,,320,,,,,,,2023-08-04
1892,379,ずんだパーリナイ,ずんだぱーりない,normal,13,,588,,,,,,,2023-08-04
1893,379,ずんだパーリナイ,ずんだぱーりない,hard,19,,947,,,,,,,2023-08-04
1894,379,ずんだパーリナイ,ずんだぱーりない,expert,27,,1407,,,,,,,2023-08-04
1895,379,ずんだパーリナイ,ずんだぱーりない,master,31,,1522,,,,,,,2023-08-04
1896,380,スターダストメドレー,すたーだすとめどれー,easy,7,,372,,,,,,,2023-06-16
1897,380,スターダストメドレー,すたーだすとめどれー,normal,13,,554,,,,,,,2023-06-16
1898,380,スターダストメドレー,すたーだすとめどれー,hard,20,,922,,,,,,,2023-06-16
1899,380,スターダストメドレー,すたーだすとめどれー,expert,26,,1215,,,,,,,2023-06-16
1900,380,スターダストメドレー,すたーだすとめどれー,master,30,,1366,,,,,,,2023-06-16
1901,381,新人類,しんじんるい,easy,6,,286,,,,,,,2023-08-03
1902,381,新人類,しんじんるい,normal,13,,526,,,,,,,2023-08-03
1903,381,新人類,しんじんるい,hard,19,,943,,,,,,,2023-08-03
1904,381,新人類,しんじんるい,expert,27,,1285,,,,,,,2023-08-03
1905,381,新人類,しんじんるい,master,31,,1298,,,,,,,2023-08-03
1906,382,心拍ペアリング,しんぱくぺありんぐ,easy,6,,110,,,,,,,2023-07-14
1907,382,心拍ペアリング,しんぱくぺありんぐ,normal,11,,218,,,,,,,2023-07-14
1908,382,心拍ペアリング,しんぱくぺありんぐ,hard,17,,357,,,,,,,2023-07-14
1909,382,心拍ペアリング,しんぱくぺありんぐ,expert,23,,575,,,,,,,2023-07-14
1910,382,心拍ペアリング,しんぱくぺありんぐ,master,28,,696,,,,,,,2023-07-14
1911,383,purpose,ぱーぱす,easy,6,,179,,,,,,,2023-10-29
1912,383,purpose,ぱーぱす,normal,12,,297,,,,,,,2023-10-29
1913,383,purpose,ぱーぱす,hard,18,,538,,,,,,,2023-10-29
1914,383,purpose,ぱーぱす,expert,24,,720,,,,,,,2023-10-29
1915,383,purpose,ぱーぱす,master,28,,812,,,,,,,2023-10-29
1916,384,トワイライトライト,とわいらいとらいと,easy,8,,150,,,,,,,2023-11-01
1917,384,トワイライトライト,とわいらいとらいと,normal,13,,219,,,,,,,2023-11-01
1918,384,トワイライトライト,とわいらいとらいと,hard,17,,408,,,,,,,2023-11-01
1919,384,トワイライトライト,とわいらいとらいと,expert,22,,520,,,,,,,2023-11-01
1920,384,トワイライトライト,とわいらいとらいと,master,26,,619,,,,,,,2023-11-01
4113,384,トワイライトライト,とわいらいとらいと,append,27,,754,,,,,,,2023-11-01
1921,385,神っぽいな,かみっぽいな,easy,6,,266,,,,,,,2023-10-10
1922,385,神っぽいな,かみっぽいな,normal,13,,352,,,,,,,2023-10-10
1923,385,神っぽいな,かみっぽいな,hard,18,,781,,,,,,,2023-10-10
1924,385,神っぽいな,かみっぽいな,expert,25,,1035,,,,,,,2023-10-10
1925,385,神っぽいな,かみっぽいな,master,29,,1162,,,,,,,2023-10-10
1926,386,キラピピ★キラピカ,きらぴぴきらぴか,easy,7,,269,,,,,,,2023-08-21
1927,386,キラピピ★キラピカ,きらぴぴきらぴか,normal,11,,394,,,,,,,2023-08-21
1928,386,キラピピ★キラピカ,きらぴぴきらぴか,hard,16,,909,,,,,,,2023-08-21
1929,386,キラピピ★キラピカ,きらぴぴきらぴか,expert,23,,909,,,,,,,2023-08-21
1930,386,キラピピ★キラピカ,きらぴぴきらぴか,master,27,,909,,,,,,,2023-08-21
1931,387,Hello Builder,はろーびるだー,easy,7,,212,,,,,,,2025-07-02
1932,387,Hello Builder,はろーびるだー,normal,13,,363,,,,,,,2025-07-02
1933,387,Hello Builder,はろーびるだー,hard,18,,619,,,,,,,2025-07-02
1934,387,Hello Builder,はろーびるだー,expert,24,,847,,,,,,,2025-07-02
1935,387,Hello Builder,はろーびるだー,master,29,,997,,,,,,,2025-07-02
1940,388,初音ミクの激唱,はつねみくのげきしょう,append,36,,4500,,,,,,,2023-09-29
1946,390,Dear,でぃあー,easy,6,,268,,,,,,,2023-10-11
1947,390,Dear,でぃあー,normal,12,,435,,,,,,,2023-10-11
1948,390,Dear,でぃあー,hard,17,,751,,,,,,,2023-10-11
1949,390,Dear,でぃあー,expert,23,,1032,,,,,,,2023-10-11
1950,390,Dear,でぃあー,master,28,,1233,,,,,,,2023-10-11
1951,391,キュートなカノジョ,きゅーとなかのじょ,easy,7,,317,,,,,,,2023-11-22
1952,391,キュートなカノジョ,きゅーとなかのじょ,normal,13,,416,,,,,,,2023-11-22
1953,391,キュートなカノジョ,きゅーとなかのじょ,hard,17,,590,,,,,,,2023-11-22
1954,391,キュートなカノジョ,きゅーとなかのじょ,expert,26,,1006,,,,,,,2023-11-22
1955,391,キュートなカノジョ,きゅーとなかのじょ,master,30,,1208,,,,,,,2023-11-22
1956,392,春嵐,しゅんらん,easy,6,,228,,,,,,,2023-11-06
1957,392,春嵐,しゅんらん,normal,14,,450,,,,,,,2023-11-06
1958,392,春嵐,しゅんらん,hard,20,,798,,,,,,,2023-11-06
1959,392,春嵐,しゅんらん,expert,27,,1095,,,,,,,2023-11-06
1960,392,春嵐,しゅんらん,master,30,,1184,,,,,,,2023-11-06
1961,393,Un-Lock,あんろっく,easy,6,,215,,,,,,,2023-09-19
1962,393,Un-Lock,あんろっく,normal,12,,366,,,,,,,2023-09-19
1963,393,Un-Lock,あんろっく,hard,18,,598,,,,,,,2023-09-19
1964,393,Un-Lock,あんろっく,expert,24,,894,,,,,,,2023-09-19
1965,393,Un-Lock,あんろっく,master,28,,1096,,,,,,,2023-09-19
1966,394,ボトルケーキ,ぼとるけーき,easy,5,,142,,,,,,,2023-08-25
1967,394,ボトルケーキ,ぼとるけーき,normal,11,,232,,,,,,,2023-08-25
1968,394,ボトルケーキ,ぼとるけーき,hard,16,,450,,,,,,,2023-08-25
1969,394,ボトルケーキ,ぼとるけーき,expert,24,,640,,,,,,,2023-08-25
1970,394,ボトルケーキ,ぼとるけーき,master,28,,759,,,,,,,2023-08-25
1971,395,サマータイムレコード,さまーたいむれこーど,easy,9,,337,,,,,,,2023-08-15
1972,395,サマータイムレコード,さまーたいむれこーど,normal,13,,528,,,,,,,2023-08-15
1973,395,サマータイムレコード,さまーたいむれこーど,hard,19,,815,,,,,,,2023-08-15
1974,395,サマータイムレコード,さまーたいむれこーど,expert,24,,1107,,,,,,,2023-08-15
1975,395,サマータイムレコード,さまーたいむれこーど,master,28,,1404,,,,,,,2023-08-15
1976,396,東京テディベア,とうきょうてでぃべあ,easy,9,,210,,,,,,,2024-05-13
1977,396,東京テディベア,とうきょうてでぃべあ,normal,13,,488,,,,,,,2024-05-13
1978,396,東京テディベア,とうきょうてでぃべあ,hard,18,,859,,,,,,,2024-05-13
1979,396,東京テディベア,とうきょうてでぃべあ,expert,28,,1172,,,,,,,2024-05-13
1980,396,東京テディベア,とうきょうてでぃべあ,master,31,,1449,,,,,,,2024-05-13
4045,396,東京テディベア,とうきょうてでぃべあ,append,34,,2024,,,,,,,2024-05-13
1981,397,フィラメントフィーバー,ふぃらめんとふぃーばー,easy,6,,252,,,,,,,2023-11-28
1982,397,フィラメントフィーバー,ふぃらめんとふぃーばー,normal,13,,345,,,,,,,2023-11-28
1983,397,フィラメントフィーバー,ふぃらめんとふぃーばー,hard,18,,648,,,,,,,2023-11-28
1984,397,フィラメントフィーバー,ふぃらめんとふぃーばー,expert,25,,864,,,,,,,2023-11-28
1985,397,フィラメントフィーバー,ふぃらめんとふぃーばー,master,29,,952,,,,,,,2023-11-28
1986,398,Beyond the way,びよんどざうぇい,easy,7,,153,,,,,,,2023-12-08
1987,398,Beyond the way,びよんどざうぇい,normal,13,,313,,,,,,,2023-12-08
1988,398,Beyond the way,びよんどざうぇい,hard,17,,539,,,,,,,2023-12-08
1989,398,Beyond the way,びよんどざうぇい,expert,25,,737,,,,,,,2023-12-08
1990,398,Beyond the way,びよんどざうぇい,master,28,,900,,,,,,,2023-12-08
4105,398,Beyond the way,びよんどざうぇい,append,29,,1017,,,,,,,2023-12-08
1991,399,Disco No.39,でぃすこなんばーさーてぃーないん,easy,6,,292,,,,,,,2023-08-10
1992,399,Disco No.39,でぃすこなんばーさーてぃーないん,normal,13,,465,,,,,,,2023-08-10
1993,399,Disco No.39,でぃすこなんばーさーてぃーないん,hard,19,,739,,,,,,,2023-08-10
1994,399,Disco No.39,でぃすこなんばーさーてぃーないん,expert,26,,950,,,,,,,2023-08-10
1995,399,Disco No.39,でぃすこなんばーさーてぃーないん,master,30,,1115,,,,,,,2023-08-10
1996,400,我らステインバスターズ！,われらすていんばすたーず！,easy,6,,139,,,,,,,2023-08-01
1997,400,我らステインバスターズ！,われらすていんばすたーず！,normal,12,,252,,,,,,,2023-08-01
1998,400,我らステインバスターズ！,われらすていんばすたーず！,hard,17,,504,,,,,,,2023-08-01
1999,400,我らステインバスターズ！,われらすていんばすたーず！,expert,24,,797,,,,,,,2023-08-01
2000,400,我らステインバスターズ！,われらすていんばすたーず！,master,28,,810,,,,,,,2023-08-01
2001,401,まにまに,まにまに,easy,7,,211,,,,,,,2023-10-03
2002,401,まにまに,まにまに,normal,13,,428,,,,,,,2023-10-03
2003,401,まにまに,まにまに,hard,19,,689,,,,,,,2023-10-03
2004,401,まにまに,まにまに,expert,25,,893,,,,,,,2023-10-03
2005,401,まにまに,まにまに,master,29,,1014,,,,,,,2023-10-03
2006,402,エンヴィーベイビー,えんヴぃーべいびー,easy,7,,307,,,,,,,2024-01-03
2007,402,エンヴィーベイビー,えんヴぃーべいびー,normal,13,,505,,,,,,,2024-01-03
2008,402,エンヴィーベイビー,えんヴぃーべいびー,hard,17,,675,,,,,,,2024-01-03
2009,402,エンヴィーベイビー,えんヴぃーべいびー,expert,23,,969,,,,,,,2024-01-03
2010,402,エンヴィーベイビー,えんヴぃーべいびー,master,28,,1251,,,,,,,2024-01-03
2011,403,番凩,つがいこがらし,easy,6,,133,,,,,,,2023-10-09
2012,403,番凩,つがいこがらし,normal,12,,336,,,,,,,2023-10-09
2013,403,番凩,つがいこがらし,hard,17,,512,,,,,,,2023-10-09
2014,403,番凩,つがいこがらし,expert,24,,716,,,,,,,2023-10-09
2015,403,番凩,つがいこがらし,master,27,,892,,,,,,,2023-10-09
2016,404,blender,ぶれんだー,easy,5,,149,,,,,,,2024-03-28
2017,404,blender,ぶれんだー,normal,12,,331,,,,,,,2024-03-28
2018,404,blender,ぶれんだー,hard,16,,524,,,,,,,2024-03-28
2019,404,blender,ぶれんだー,expert,23,,812,,,,,,,2024-03-28
2020,404,blender,ぶれんだー,master,27,,781,,,,,,,2024-03-28
2021,405,MOTTO!!!,もっと,easy,6,,241,,,,,,,2024-01-15
2022,405,MOTTO!!!,もっと,normal,11,,298,,,,,,,2024-01-15
2023,405,MOTTO!!!,もっと,hard,16,,556,,,,,,,2024-01-15
2024,405,MOTTO!!!,もっと,expert,23,,881,,,,,,,2024-01-15
2025,405,MOTTO!!!,もっと,master,27,,1067,,,,,,,2024-01-15
4120,405,MOTTO!!!,もっと,append,29,,1225,,,,,,,2024-01-15
2026,406,ARQETYPE,あーきたいぷ,easy,9,,266,,,,,,,2023-11-10
2027,406,ARQETYPE,あーきたいぷ,normal,14,,369,,,,,,,2023-11-10
2028,406,ARQETYPE,あーきたいぷ,hard,21,,723,,,,,,,2023-11-10
2029,406,ARQETYPE,あーきたいぷ,expert,27,,827,,,,,,,2023-11-10
2030,406,ARQETYPE,あーきたいぷ,master,31,,951,,,,,,,2023-11-10
2031,407,初めての恋が終わる時,はじめてのこいがおわるとき,easy,8,,300,,,,,,,2023-12-28
2032,407,初めての恋が終わる時,はじめてのこいがおわるとき,normal,12,,394,,,,,,,2023-12-28
2033,407,初めての恋が終わる時,はじめてのこいがおわるとき,hard,17,,649,,,,,,,2023-12-28
2034,407,初めての恋が終わる時,はじめてのこいがおわるとき,expert,25,,822,,,,,,,2023-12-28
2035,407,初めての恋が終わる時,はじめてのこいがおわるとき,master,29,,995,,,,,,,2023-12-28
2036,408,CIRCUS PANIC!!!,さーかすぱにっく,easy,6,,290,,,,,,,2023-09-04
2037,408,CIRCUS PANIC!!!,さーかすぱにっく,normal,13,,428,,,,,,,2023-09-04
2038,408,CIRCUS PANIC!!!,さーかすぱにっく,hard,19,,754,,,,,,,2023-09-04
2039,408,CIRCUS PANIC!!!,さーかすぱにっく,expert,27,,1083,,,,,,,2023-09-04
2040,408,CIRCUS PANIC!!!,さーかすぱにっく,master,32,,1239,,,,,,,2023-09-04
2041,409,25時の情熱,にじゅうごじのじょうねつ,easy,5,,125,,,,,,,2023-12-29
2042,409,25時の情熱,にじゅうごじのじょうねつ,normal,11,,225,,,,,,,2023-12-29
2043,409,25時の情熱,にじゅうごじのじょうねつ,hard,17,,525,,,,,,,2023-12-29
2044,409,25時の情熱,にじゅうごじのじょうねつ,expert,22,,625,,,,,,,2023-12-29
2045,409,25時の情熱,にじゅうごじのじょうねつ,master,25,,725,,,,,,,2023-12-29
2046,410,マーシャル・マキシマイザー,まーしゃるまきしまいざー,easy,9,,296,,,,,,,2024-01-29
2047,410,マーシャル・マキシマイザー,まーしゃるまきしまいざー,normal,14,,352,,,,,,,2024-01-29
2048,410,マーシャル・マキシマイザー,まーしゃるまきしまいざー,hard,18,,522,,,,,,,2024-01-29
2049,410,マーシャル・マキシマイザー,まーしゃるまきしまいざー,expert,26,,694,,,,,,,2024-01-29
2050,410,マーシャル・マキシマイザー,まーしゃるまきしまいざー,master,29,,895,,,,,,,2024-01-29
2051,411,世界を照らすテトラッド,せかいをてらすてとらっど,easy,7,,228,,,,,,,2024-02-09
2052,411,世界を照らすテトラッド,せかいをてらすてとらっど,normal,13,,356,,,,,,,2024-02-09
2053,411,世界を照らすテトラッド,せかいをてらすてとらっど,hard,20,,679,,,,,,,2024-02-09
2054,411,世界を照らすテトラッド,せかいをてらすてとらっど,expert,27,,850,,,,,,,2024-02-09
2055,411,世界を照らすテトラッド,せかいをてらすてとらっど,master,31,,1072,,,,,,,2024-02-09
4110,411,世界を照らすテトラッド,せかいをてらすてとらっど,append,30,,1210,,,,,,,2024-02-09
2056,412,デビルじゃないもん,でびるじゃないもん,easy,7,,297,,,,,,,2023-10-07
2057,412,デビルじゃないもん,でびるじゃないもん,normal,12,,562,,,,,,,2023-10-07
2058,412,デビルじゃないもん,でびるじゃないもん,hard,19,,631,,,,,,,2023-10-07
2059,412,デビルじゃないもん,でびるじゃないもん,expert,26,,854,,,,,,,2023-10-07
2060,412,デビルじゃないもん,でびるじゃないもん,master,29,,879,,,,,,,2023-10-07
2061,413,さよならプリンセス,さよならぷりんせす,easy,8,,311,,,,,,,2023-12-04
2062,413,さよならプリンセス,さよならぷりんせす,normal,14,,401,,,,,,,2023-12-04
2063,413,さよならプリンセス,さよならぷりんせす,hard,19,,709,,,,,,,2023-12-04
2064,413,さよならプリンセス,さよならぷりんせす,expert,26,,812,,,,,,,2023-12-04
2065,413,さよならプリンセス,さよならぷりんせす,master,30,,1131,,,,,,,2023-12-04
2066,414,HERO,ひーろー,easy,8,,339,,,,,,,2023-09-01
2067,414,HERO,ひーろー,normal,13,,390,,,,,,,2023-09-01
2068,414,HERO,ひーろー,hard,19,,751,,,,,,,2023-09-01
2069,414,HERO,ひーろー,expert,26,,1194,,,,,,,2023-09-01
2070,414,HERO,ひーろー,master,31,,1278,,,,,,,2023-09-01
2071,415,ラッキー☆オーブ,らっきーおーぶ,easy,6,,165,,,,,,,2023-09-25
2072,415,ラッキー☆オーブ,らっきーおーぶ,normal,11,,220,,,,,,,2023-09-25
2073,415,ラッキー☆オーブ,らっきーおーぶ,hard,17,,505,,,,,,,2023-09-25
2074,415,ラッキー☆オーブ,らっきーおーぶ,expert,24,,802,,,,,,,2023-09-25
2075,415,ラッキー☆オーブ,らっきーおーぶ,master,28,,919,,,,,,,2023-09-25
2076,416,limbo,りんぼ,easy,8,,295,,,,,,,2024-02-16
2077,416,limbo,りんぼ,normal,13,,384,,,,,,,2024-02-16
2078,416,limbo,りんぼ,hard,19,,608,,,,,,,2024-02-16
2079,416,limbo,りんぼ,expert,26,,900,,,,,,,2024-02-16
2080,416,limbo,りんぼ,master,31,,958,,,,,,,2024-02-16
2081,417,くうになる,くうになる,easy,7,,147,,,,,,,2024-01-05
2082,417,くうになる,くうになる,normal,13,,277,,,,,,,2024-01-05
2083,417,くうになる,くうになる,hard,18,,581,,,,,,,2024-01-05
2084,417,くうになる,くうになる,expert,24,,769,,,,,,,2024-01-05
2085,417,くうになる,くうになる,master,29,,945,,,,,,,2024-01-05
2086,418,金木犀,きんもくせい,easy,6,,149,,,,,,,2023-12-30
2087,418,金木犀,きんもくせい,normal,12,,292,,,,,,,2023-12-30
2088,418,金木犀,きんもくせい,hard,17,,556,,,,,,,2023-12-30
2089,418,金木犀,きんもくせい,expert,26,,814,,,,,,,2023-12-30
2090,418,金木犀,きんもくせい,master,29,,899,,,,,,,2023-12-30
2096,420,imaginary love story,いまじなりーらぶすとーりー,easy,8,,297,,,,,,,2025-07-03
2097,420,imaginary love story,いまじなりーらぶすとーりー,normal,12,,479,,,,,,,2025-07-03
2098,420,imaginary love story,いまじなりーらぶすとーりー,hard,18,,662,,,,,,,2025-07-03
2099,420,imaginary love story,いまじなりーらぶすとーりー,expert,25,,1019,,,,,,,2025-07-03
2100,420,imaginary love story,いまじなりーらぶすとーりー,master,31,,1214,,,,,,,2025-07-03
2101,421,CR詠ZY,くれいじー,easy,5,,149,,,,,,,2023-10-12
2102,421,CR詠ZY,くれいじー,normal,13,,340,,,,,,,2023-10-12
2103,421,CR詠ZY,くれいじー,hard,19,,434,,,,,,,2023-10-12
2104,421,CR詠ZY,くれいじー,expert,24,,615,,,,,,,2023-10-12
2105,421,CR詠ZY,くれいじー,master,28,,728,,,,,,,2023-10-12
2106,422,JUMPIN’ OVER !,じゃんぴんおーばー,easy,7,,217,,,,,,,2024-02-27
2107,422,JUMPIN’ OVER !,じゃんぴんおーばー,normal,12,,340,,,,,,,2024-02-27
2108,422,JUMPIN’ OVER !,じゃんぴんおーばー,hard,17,,598,,,,,,,2024-02-27
2109,422,JUMPIN’ OVER !,じゃんぴんおーばー,expert,24,,858,,,,,,,2024-02-27
2110,422,JUMPIN’ OVER !,じゃんぴんおーばー,master,28,,863,,,,,,,2024-02-27
2111,423,レグルス,れぐるす,easy,6,,296,,,,,,,2024-02-18
2112,423,レグルス,れぐるす,normal,12,,387,,,,,,,2024-02-18
2113,423,レグルス,れぐるす,hard,18,,680,,,,,,,2024-02-18
2114,423,レグルス,れぐるす,expert,26,,949,,,,,,,2024-02-18
2115,423,レグルス,れぐるす,master,29,,1014,,,,,,,2024-02-18
4033,423,レグルス,れぐるす,append,30,,1268,,,,,,,2024-02-18
2116,424,インテグラル,いんてぐらる,easy,8,,351,,,,,,,2024-03-01
2117,424,インテグラル,いんてぐらる,normal,12,,479,,,,,,,2024-03-01
2118,424,インテグラル,いんてぐらる,hard,16,,701,,,,,,,2024-03-01
2119,424,インテグラル,いんてぐらる,expert,24,,868,,,,,,,2024-03-01
2120,424,インテグラル,いんてぐらる,master,28,,868,,,,,,,2024-03-01
4111,424,インテグラル,いんてぐらる,append,29,,1357,,,,,,,2024-03-01
2121,425,Cool Me Down,くーるみーだうん,easy,7,,405,,,,,,,2023-10-16
2122,425,Cool Me Down,くーるみーだうん,normal,13,,544,,,,,,,2023-10-16
2123,425,Cool Me Down,くーるみーだうん,hard,19,,874,,,,,,,2023-10-16
2124,425,Cool Me Down,くーるみーだうん,expert,25,,1159,,,,,,,2023-10-16
2125,425,Cool Me Down,くーるみーだうん,master,29,,1250,,,,,,,2023-10-16
2126,426,On&On,おんあんどおん,easy,6,,234,,,,,,,2023-11-13
2127,426,On&On,おんあんどおん,normal,12,,245,,,,,,,2023-11-13
2128,426,On&On,おんあんどおん,hard,18,,503,,,,,,,2023-11-13
2129,426,On&On,おんあんどおん,expert,23,,712,,,,,,,2023-11-13
2130,426,On&On,おんあんどおん,master,27,,859,,,,,,,2023-11-13
2131,427,幽光、1/fのゆらめき,ゆうこうえふぶんのいちのゆらめき,easy,8,,165,,,,,,,2024-03-18
2132,427,幽光、1/fのゆらめき,ゆうこうえふぶんのいちのゆらめき,normal,13,,285,,,,,,,2024-03-18
2133,427,幽光、1/fのゆらめき,ゆうこうえふぶんのいちのゆらめき,hard,18,,567,,,,,,,2024-03-18
2134,427,幽光、1/fのゆらめき,ゆうこうえふぶんのいちのゆらめき,expert,25,,718,,,,,,,2024-03-18
2135,427,幽光、1/fのゆらめき,ゆうこうえふぶんのいちのゆらめき,master,29,,877,,,,,,,2024-03-18
2136,428,ときめきジェットコースター,ときめきじぇっとこーすたー,easy,8,,228,,,,,,,2024-05-10
2137,428,ときめきジェットコースター,ときめきじぇっとこーすたー,normal,13,,369,,,,,,,2024-05-10
2138,428,ときめきジェットコースター,ときめきじぇっとこーすたー,hard,19,,587,,,,,,,2024-05-10
2139,428,ときめきジェットコースター,ときめきじぇっとこーすたー,expert,27,,1016,,,,,,,2024-05-10
2140,428,ときめきジェットコースター,ときめきじぇっとこーすたー,master,31,,1234,,,,,,,2024-05-10
2141,429,はぐ,はぐ,easy,6,,208,,,,,,,2023-10-31
2142,429,はぐ,はぐ,normal,13,,348,,,,,,,2023-10-31
2143,429,はぐ,はぐ,hard,18,,576,,,,,,,2023-10-31
2144,429,はぐ,はぐ,expert,24,,851,,,,,,,2023-10-31
2145,429,はぐ,はぐ,master,29,,983,,,,,,,2023-10-31
4116,429,はぐ,はぐ,append,29,,1109,,,,,,,2023-10-31
2146,430,『んっあっあっ。』,んっあっあっ,easy,6,,204,,,,,,,2024-01-04
2147,430,『んっあっあっ。』,んっあっあっ,normal,13,,338,,,,,,,2024-01-04
2148,430,『んっあっあっ。』,んっあっあっ,hard,18,,495,,,,,,,2024-01-04
2149,430,『んっあっあっ。』,んっあっあっ,expert,24,,742,,,,,,,2024-01-04
2150,430,『んっあっあっ。』,んっあっあっ,master,28,,1071,,,,,,,2024-01-04
2151,431,flos,ふろーす,easy,6,,236,,,,,,,2024-03-11
2152,431,flos,ふろーす,normal,12,,294,,,,,,,2024-03-11
2153,431,flos,ふろーす,hard,18,,543,,,,,,,2024-03-11
2154,431,flos,ふろーす,expert,23,,694,,,,,,,2024-03-11
2155,431,flos,ふろーす,master,27,,893,,,,,,,2024-03-11
2156,432,強風オールバック,きょうふうおーるばっく,easy,6,,155,,,,,,,2024-01-01
2157,432,強風オールバック,きょうふうおーるばっく,normal,13,,361,,,,,,,2024-01-01
2158,432,強風オールバック,きょうふうおーるばっく,hard,17,,478,,,,,,,2024-01-01
2159,432,強風オールバック,きょうふうおーるばっく,expert,24,,714,,,,,,,2024-01-01
2160,432,強風オールバック,きょうふうおーるばっく,master,28,,955,,,,,,,2024-01-01
2161,433,ヒアソビ,ひあそび,easy,9,,217,,,,,,,2024-01-02
2162,433,ヒアソビ,ひあそび,normal,13,,382,,,,,,,2024-01-02
2163,433,ヒアソビ,ひあそび,hard,18,,655,,,,,,,2024-01-02
2164,433,ヒアソビ,ひあそび,expert,27,,1053,,,,,,,2024-01-02
2165,433,ヒアソビ,ひあそび,master,31,,1116,,,,,,,2024-01-02
2166,434,1000年生きてる,せんねんいきてる,easy,5,,106,,,,,,,2024-03-25
2167,434,1000年生きてる,せんねんいきてる,normal,13,,236,,,,,,,2024-03-25
2168,434,1000年生きてる,せんねんいきてる,hard,18,,500,,,,,,,2024-03-25
2169,434,1000年生きてる,せんねんいきてる,expert,23,,673,,,,,,,2024-03-25
2170,434,1000年生きてる,せんねんいきてる,master,28,,757,,,,,,,2024-03-25
2171,435,リレイアウター,りれいあうたー,easy,7,,317,,,,,,,2024-02-03
2172,435,リレイアウター,りれいあうたー,normal,13,,440,,,,,,,2024-02-03
2173,435,リレイアウター,りれいあうたー,hard,18,,738,,,,,,,2024-02-03
2174,435,リレイアウター,りれいあうたー,expert,26,,960,,,,,,,2024-02-03
2175,435,リレイアウター,りれいあうたー,master,30,,1203,,,,,,,2024-02-03
2176,436,古書屋敷殺人事件,こしょやしきさつじんじけん,easy,6,,174,,,,,,,2024-02-22
2177,436,古書屋敷殺人事件,こしょやしきさつじんじけん,normal,12,,409,,,,,,,2024-02-22
2178,436,古書屋敷殺人事件,こしょやしきさつじんじけん,hard,18,,615,,,,,,,2024-02-22
2179,436,古書屋敷殺人事件,こしょやしきさつじんじけん,expert,24,,823,,,,,,,2024-02-22
2180,436,古書屋敷殺人事件,こしょやしきさつじんじけん,master,28,,974,,,,,,,2024-02-22
2181,437,え？あぁ、そう。,えあぁそう,easy,8,,189,,,,,,,2024-02-01
2182,437,え？あぁ、そう。,えあぁそう,normal,12,,378,,,,,,,2024-02-01
2183,437,え？あぁ、そう。,えあぁそう,hard,18,,521,,,,,,,2024-02-01
2184,437,え？あぁ、そう。,えあぁそう,expert,25,,838,,,,,,,2024-02-01
2185,437,え？あぁ、そう。,えあぁそう,master,30,,1028,,,,,,,2024-02-01
2186,438,ハイドアンド・シーク,はいどあんどしーく,easy,7,,237,,,,,,,2024-01-09
2187,438,ハイドアンド・シーク,はいどあんどしーく,normal,12,,321,,,,,,,2024-01-09
2188,438,ハイドアンド・シーク,はいどあんどしーく,hard,17,,532,,,,,,,2024-01-09
2189,438,ハイドアンド・シーク,はいどあんどしーく,expert,24,,764,,,,,,,2024-01-09
2190,438,ハイドアンド・シーク,はいどあんどしーく,master,28,,898,,,,,,,2024-01-09
2191,439,一千光年,いっせんこうねん,easy,8,,414,,,,,,,2023-12-31
2192,439,一千光年,いっせんこうねん,normal,13,,410,,,,,,,2023-12-31
2193,439,一千光年,いっせんこうねん,hard,18,,804,,,,,,,2023-12-31
2194,439,一千光年,いっせんこうねん,expert,25,,941,,,,,,,2023-12-31
2195,439,一千光年,いっせんこうねん,master,30,,1141,,,,,,,2023-12-31
4024,439,一千光年,いっせんこうねん,append,31,,1496,,,,,,,2023-12-31
2196,440,ショウタイム×オーディエンス,しょうたいむおーでぃえんす,easy,9,,395,,,,,,,2023-12-11
2197,440,ショウタイム×オーディエンス,しょうたいむおーでぃえんす,normal,14,,544,,,,,,,2023-12-11
2198,440,ショウタイム×オーディエンス,しょうたいむおーでぃえんす,hard,18,,756,,,,,,,2023-12-11
2199,440,ショウタイム×オーディエンス,しょうたいむおーでぃえんす,expert,25,,1091,,,,,,,2023-12-11
2200,440,ショウタイム×オーディエンス,しょうたいむおーでぃえんす,master,30,,1220,,,,,,,2023-12-11
2201,441,酔いどれ知らず,よいどれしらず,easy,6,,163,,,,,,,2024-04-15
2202,441,酔いどれ知らず,よいどれしらず,normal,13,,240,,,,,,,2024-04-15
2203,441,酔いどれ知らず,よいどれしらず,hard,18,,612,,,,,,,2024-04-15
2204,441,酔いどれ知らず,よいどれしらず,expert,24,,865,,,,,,,2024-04-15
2205,441,酔いどれ知らず,よいどれしらず,master,28,,1048,,,,,,,2024-04-15
4044,441,酔いどれ知らず,よいどれしらず,append,29,,1120,,,,,,,2024-04-15
2206,442,すれすれ,すれすれ,easy,6,,139,,,,,,,2024-04-28
2207,442,すれすれ,すれすれ,normal,11,,169,,,,,,,2024-04-28
2208,442,すれすれ,すれすれ,hard,16,,360,,,,,,,2024-04-28
2209,442,すれすれ,すれすれ,expert,23,,521,,,,,,,2024-04-28
2210,442,すれすれ,すれすれ,master,26,,595,,,,,,,2024-04-28
2211,443,林檎売りの泡沫少女,りんごうりのうたかたしょうじょ,easy,8,,349,,,,,,,2024-07-17
2212,443,林檎売りの泡沫少女,りんごうりのうたかたしょうじょ,normal,13,,428,,,,,,,2024-07-17
2213,443,林檎売りの泡沫少女,りんごうりのうたかたしょうじょ,hard,17,,656,,,,,,,2024-07-17
2214,443,林檎売りの泡沫少女,りんごうりのうたかたしょうじょ,expert,24,,1009,,,,,,,2024-07-17
2215,443,林檎売りの泡沫少女,りんごうりのうたかたしょうじょ,master,28,,1048,,,,,,,2024-07-17
2216,444,心泥夢(syndrome),しんどろーむ,easy,7,,256,,,,,,,2024-01-22
2217,444,心泥夢(syndrome),しんどろーむ,normal,12,,396,,,,,,,2024-01-22
2218,444,心泥夢(syndrome),しんどろーむ,hard,19,,879,,,,,,,2024-01-22
2219,444,心泥夢(syndrome),しんどろーむ,expert,27,,1221,,,,,,,2024-01-22
2220,444,心泥夢(syndrome),しんどろーむ,master,31,,1383,,,,,,,2024-01-22
2221,445,Twilight Melody,とわいらいとめろでぃ,easy,7,,191,,,,,,,2025-06-30
2222,445,Twilight Melody,とわいらいとめろでぃ,normal,12,,493,,,,,,,2025-06-30
2223,445,Twilight Melody,とわいらいとめろでぃ,hard,17,,734,,,,,,,2025-06-30
2224,445,Twilight Melody,とわいらいとめろでぃ,expert,25,,943,,,,,,,2025-06-30
2225,445,Twilight Melody,とわいらいとめろでぃ,master,28,,1128,,,,,,,2025-06-30
2226,446,オーバーコード,おーばーこーど,easy,5,,231,,,,,,,2023-12-22
2227,446,オーバーコード,おーばーこーど,normal,12,,369,,,,,,,2023-12-22
2228,446,オーバーコード,おーばーこーど,hard,18,,707,,,,,,,2023-12-22
2229,446,オーバーコード,おーばーこーど,expert,26,,1113,,,,,,,2023-12-22
2230,446,オーバーコード,おーばーこーど,master,30,,1253,,,,,,,2023-12-22
2231,447,folern,ふぉれん,easy,9,,329,,,,,,,2024-01-11
2232,447,folern,ふぉれん,normal,12,,479,,,,,,,2024-01-11
2233,447,folern,ふぉれん,hard,21,,861,,,,,,,2024-01-11
2234,447,folern,ふぉれん,expert,30,,1392,,,,,,,2024-01-11
2235,447,folern,ふぉれん,master,32,,1486,,,,,,,2024-01-11
4026,447,folern,ふぉれん,append,35,,1794,,,,,,,2024-01-11
2236,448,Sage,さげ,easy,9,,408,,,,,,,2024-01-18
2237,448,Sage,さげ,normal,13,,595,,,,,,,2024-01-18
2238,448,Sage,さげ,hard,21,,956,,,,,,,2024-01-18
2239,448,Sage,さげ,expert,29,,1259,,,,,,,2024-01-18
2240,448,Sage,さげ,master,32,,1352,,,,,,,2024-01-18
4027,448,Sage,さげ,append,36,,1812,,,,,,,2024-01-18
2241,449,MarbleBlue.,まーぶるぶるー,easy,9,,579,,,,,,,2024-01-25
2242,449,MarbleBlue.,まーぶるぶるー,normal,14,,729,,,,,,,2024-01-25
2243,449,MarbleBlue.,まーぶるぶるー,hard,21,,1109,,,,,,,2024-01-25
2244,449,MarbleBlue.,まーぶるぶるー,expert,30,,1437,,,,,,,2024-01-25
2245,449,MarbleBlue.,まーぶるぶるー,master,33,,1460,,,,,,,2024-01-25
4028,449,MarbleBlue.,まーぶるぶるー,append,37,,2500,,,,,,,2024-01-25
2246,450,オペラ！スペースオペラ！,おぺらすぺーすおぺら,easy,9,,303,,,,,,,2024-05-29
2247,450,オペラ！スペースオペラ！,おぺらすぺーすおぺら,normal,13,,478,,,,,,,2024-05-29
2248,450,オペラ！スペースオペラ！,おぺらすぺーすおぺら,hard,19,,725,,,,,,,2024-05-29
2249,450,オペラ！スペースオペラ！,おぺらすぺーすおぺら,expert,26,,986,,,,,,,2024-05-29
2250,450,オペラ！スペースオペラ！,おぺらすぺーすおぺら,master,30,,1198,,,,,,,2024-05-29
4055,450,オペラ！スペースオペラ！,おぺらすぺーすおぺら,append,31,,1403,,,,,,,2024-05-29
2251,451,熱異常,ねついじょう,easy,8,,194,,,,,,,2024-05-17
2252,451,熱異常,ねついじょう,normal,13,,428,,,,,,,2024-05-17
2253,451,熱異常,ねついじょう,hard,18,,696,,,,,,,2024-05-17
2254,451,熱異常,ねついじょう,expert,27,,978,,,,,,,2024-05-17
2255,451,熱異常,ねついじょう,master,32,,1197,,,,,,,2024-05-17
2256,452,サイバーパンクデッドボーイ,さいばーぱんくでっどぼーい,easy,7,,236,,,,,,,2024-01-23
2257,452,サイバーパンクデッドボーイ,さいばーぱんくでっどぼーい,normal,13,,370,,,,,,,2024-01-23
2258,452,サイバーパンクデッドボーイ,さいばーぱんくでっどぼーい,hard,19,,699,,,,,,,2024-01-23
2259,452,サイバーパンクデッドボーイ,さいばーぱんくでっどぼーい,expert,27,,917,,,,,,,2024-01-23
2260,452,サイバーパンクデッドボーイ,さいばーぱんくでっどぼーい,master,30,,1014,,,,,,,2024-01-23
2266,454,えれくとりっく・えんじぇぅ,えれくとりっく・えんじぇぅ,easy,7,,198,,,,,,,2024-03-30
2267,454,えれくとりっく・えんじぇぅ,えれくとりっく・えんじぇぅ,normal,12,,417,,,,,,,2024-03-30
2268,454,えれくとりっく・えんじぇぅ,えれくとりっく・えんじぇぅ,hard,17,,663,,,,,,,2024-03-30
2269,454,えれくとりっく・えんじぇぅ,えれくとりっく・えんじぇぅ,expert,24,,927,,,,,,,2024-03-30
2270,454,えれくとりっく・えんじぇぅ,えれくとりっく・えんじぇぅ,master,29,,1176,,,,,,,2024-03-30
2271,455,ド屑,どくず,easy,5,,141,,,,,,,2024-03-04
2272,455,ド屑,どくず,normal,12,,229,,,,,,,2024-03-04
2273,455,ド屑,どくず,hard,18,,597,,,,,,,2024-03-04
2274,455,ド屑,どくず,expert,25,,844,,,,,,,2024-03-04
2275,455,ド屑,どくず,master,28,,817,,,,,,,2024-03-04
2276,456,幾望の月,きぼうのつき,easy,6,,245,,,,,,,2024-03-27
2277,456,幾望の月,きぼうのつき,normal,14,,316,,,,,,,2024-03-27
2278,456,幾望の月,きぼうのつき,hard,19,,610,,,,,,,2024-03-27
2279,456,幾望の月,きぼうのつき,expert,26,,892,,,,,,,2024-03-27
2280,456,幾望の月,きぼうのつき,master,29,,998,,,,,,,2024-03-27
4153,456,幾望の月,きぼうのつき,append,32,,1273,,,,,,,2024-03-27
2281,457,Supernova,すーぱーのゔぁ,easy,5,,193,,,,,,,2024-06-18
2282,457,Supernova,すーぱーのゔぁ,normal,13,,281,,,,,,,2024-06-18
2283,457,Supernova,すーぱーのゔぁ,hard,17,,504,,,,,,,2024-06-18
2284,457,Supernova,すーぱーのゔぁ,expert,24,,750,,,,,,,2024-06-18
2285,457,Supernova,すーぱーのゔぁ,master,28,,890,,,,,,,2024-06-18
4058,457,Supernova,すーぱーのゔぁ,append,27,,1016,,,,,,,2024-06-18
2286,458,抜錨,ばつびょう,easy,6,,195,,,,,,,2024-06-03
2287,458,抜錨,ばつびょう,normal,12,,317,,,,,,,2024-06-03
2288,458,抜錨,ばつびょう,hard,17,,711,,,,,,,2024-06-03
2289,458,抜錨,ばつびょう,expert,24,,831,,,,,,,2024-06-03
2290,458,抜錨,ばつびょう,master,28,,954,,,,,,,2024-06-03
2296,460,LEADER,りーだー,easy,6,,154,,,,,,,2024-06-28
2297,460,LEADER,りーだー,normal,12,,265,,,,,,,2024-06-28
2298,460,LEADER,りーだー,hard,17,,508,,,,,,,2024-06-28
2299,460,LEADER,りーだー,expert,24,,763,,,,,,,2024-06-28
2300,460,LEADER,りーだー,master,28,,940,,,,,,,2024-06-28
2301,461,おどロボ,おどろぼ,easy,6,,279,,,,,,,2024-02-04
2302,461,おどロボ,おどろぼ,normal,13,,452,,,,,,,2024-02-04
2303,461,おどロボ,おどろぼ,hard,18,,885,,,,,,,2024-02-04
2304,461,おどロボ,おどろぼ,expert,24,,1266,,,,,,,2024-02-04
2305,461,おどロボ,おどろぼ,master,29,,1339,,,,,,,2024-02-04
2306,462,レッドランドマーカー,れっどらんどまーかー,easy,7,,318,,,,,,,2024-03-31
2307,462,レッドランドマーカー,れっどらんどまーかー,normal,13,,418,,,,,,,2024-03-31
2308,462,レッドランドマーカー,れっどらんどまーかー,hard,18,,718,,,,,,,2024-03-31
2309,462,レッドランドマーカー,れっどらんどまーかー,expert,26,,1018,,,,,,,2024-03-31
2310,462,レッドランドマーカー,れっどらんどまーかー,master,29,,1105,,,,,,,2024-03-31
2311,463,ハッピーチートデー,はっぴーちーとでー,easy,5,,178,,,,,,,2024-02-10
2312,463,ハッピーチートデー,はっぴーちーとでー,normal,12,,266,,,,,,,2024-02-10
2313,463,ハッピーチートデー,はっぴーちーとでー,hard,17,,507,,,,,,,2024-02-10
2314,463,ハッピーチートデー,はっぴーちーとでー,expert,23,,645,,,,,,,2024-02-10
2315,463,ハッピーチートデー,はっぴーちーとでー,master,26,,817,,,,,,,2024-02-10
2316,464,Intergalactic Bound,いんたーぎゃらくてぃっく ばうんど,easy,6,,208,,,,,,,2025-07-04
2317,464,Intergalactic Bound,いんたーぎゃらくてぃっく ばうんど,normal,12,,484,,,,,,,2025-07-04
2318,464,Intergalactic Bound,いんたーぎゃらくてぃっく ばうんど,hard,17,,526,,,,,,,2025-07-04
2319,464,Intergalactic Bound,いんたーぎゃらくてぃっく ばうんど,expert,23,,918,,,,,,,2025-07-04
2320,464,Intergalactic Bound,いんたーぎゃらくてぃっく ばうんど,master,26,,996,,,,,,,2025-07-04
2321,465,嬢王,じょうおう,easy,9,,441,,,,,,,2024-03-22
2322,465,嬢王,じょうおう,normal,15,,555,,,,,,,2024-03-22
2323,465,嬢王,じょうおう,hard,24,,994,,,,,,,2024-03-22
2324,465,嬢王,じょうおう,expert,31,,1266,,,,,,,2024-03-22
2325,465,嬢王,じょうおう,master,33,,1456,,,,,,,2024-03-22
4040,465,嬢王,じょうおう,append,36,,1972,,,,,,,2024-03-22
2326,466,ガーネットの涙,がーねっとのなみだ,easy,6,,192,,,,,,,2024-04-03
2327,466,ガーネットの涙,がーねっとのなみだ,normal,12,,304,,,,,,,2024-04-03
2328,466,ガーネットの涙,がーねっとのなみだ,hard,16,,504,,,,,,,2024-04-03
2329,466,ガーネットの涙,がーねっとのなみだ,expert,25,,774,,,,,,,2024-04-03
2330,466,ガーネットの涙,がーねっとのなみだ,master,28,,904,,,,,,,2024-04-03
2331,467,あいのうた,あいのうた,easy,6,,174,,,,,,,2024-04-02
2332,467,あいのうた,あいのうた,normal,12,,308,,,,,,,2024-04-02
2333,467,あいのうた,あいのうた,hard,16,,581,,,,,,,2024-04-02
2334,467,あいのうた,あいのうた,expert,25,,950,,,,,,,2024-04-02
2335,467,あいのうた,あいのうた,master,29,,1064,,,,,,,2024-04-02
2336,468,十六歳の心臓,じゅうろくさいのしんぞう,easy,8,,308,,,,,,,2024-02-13
2337,468,十六歳の心臓,じゅうろくさいのしんぞう,normal,14,,585,,,,,,,2024-02-13
2338,468,十六歳の心臓,じゅうろくさいのしんぞう,hard,20,,797,,,,,,,2024-02-13
2339,468,十六歳の心臓,じゅうろくさいのしんぞう,expert,27,,1162,,,,,,,2024-02-13
2340,468,十六歳の心臓,じゅうろくさいのしんぞう,master,31,,1470,,,,,,,2024-02-13
2341,469,ラグトレイン,らぐとれいん,easy,6,,196,,,,,,,2024-02-29
2342,469,ラグトレイン,らぐとれいん,normal,13,,393,,,,,,,2024-02-29
2343,469,ラグトレイン,らぐとれいん,hard,16,,503,,,,,,,2024-02-29
2344,469,ラグトレイン,らぐとれいん,expert,23,,705,,,,,,,2024-02-29
2345,469,ラグトレイン,らぐとれいん,master,27,,920,,,,,,,2024-02-29
4032,469,ラグトレイン,らぐとれいん,append,25,,1038,,,,,,,2024-02-29
2346,470,ハジメテノオト,はじめてのおと,easy,5,,139,,,,,,,2024-03-09
2347,470,ハジメテノオト,はじめてのおと,normal,12,,239,,,,,,,2024-03-09
2348,470,ハジメテノオト,はじめてのおと,hard,16,,339,,,,,,,2024-03-09
2349,470,ハジメテノオト,はじめてのおと,expert,23,,539,,,,,,,2024-03-09
2350,470,ハジメテノオト,はじめてのおと,master,26,,639,,,,,,,2024-03-09
2351,471,ULTRA C,うるとらしー,easy,6,,134,,,,,,,2024-07-07
2352,471,ULTRA C,うるとらしー,normal,12,,238,,,,,,,2024-07-07
2353,471,ULTRA C,うるとらしー,hard,18,,500,,,,,,,2024-07-07
2354,471,ULTRA C,うるとらしー,expert,25,,651,,,,,,,2024-07-07
2355,471,ULTRA C,うるとらしー,master,28,,769,,,,,,,2024-07-07
2356,472,成敗いたAAAAAす！,せいばいいたあああああす,easy,8,,402,,,,,,,2024-07-15
2357,472,成敗いたAAAAAす！,せいばいいたあああああす,normal,14,,462,,,,,,,2024-07-15
2358,472,成敗いたAAAAAす！,せいばいいたあああああす,hard,18,,724,,,,,,,2024-07-15
2359,472,成敗いたAAAAAす！,せいばいいたあああああす,expert,25,,1022,,,,,,,2024-07-15
2360,472,成敗いたAAAAAす！,せいばいいたあああああす,master,31,,1199,,,,,,,2024-07-15
2361,473,マインドブランド,まいんどぶらんど,easy,7,,254,,,,,,,2024-07-29
2362,473,マインドブランド,まいんどぶらんど,normal,13,,336,,,,,,,2024-07-29
2363,473,マインドブランド,まいんどぶらんど,hard,17,,678,,,,,,,2024-07-29
2364,473,マインドブランド,まいんどぶらんど,expert,24,,764,,,,,,,2024-07-29
2365,473,マインドブランド,まいんどぶらんど,master,28,,1023,,,,,,,2024-07-29
2366,474,キラー,きらー,easy,8,,286,,,,,,,2024-08-07
2367,474,キラー,きらー,normal,13,,344,,,,,,,2024-08-07
2368,474,キラー,きらー,hard,19,,628,,,,,,,2024-08-07
2369,474,キラー,きらー,expert,27,,825,,,,,,,2024-08-07
2370,474,キラー,きらー,master,31,,1013,,,,,,,2024-08-07
4067,474,キラー,きらー,append,33,,1267,,,,,,,2024-08-07
2371,475,ちがう!!!,ちがう,easy,8,,211,,,,,,,2024-09-02
2372,475,ちがう!!!,ちがう,normal,13,,355,,,,,,,2024-09-02
2373,475,ちがう!!!,ちがう,hard,18,,735,,,,,,,2024-09-02
2374,475,ちがう!!!,ちがう,expert,26,,930,,,,,,,2024-09-02
2375,475,ちがう!!!,ちがう,master,31,,1074,,,,,,,2024-09-02
2376,476,Shadow Shadow,しゃどうしゃどう,easy,6,,128,,,,,,,2024-10-09
2377,476,Shadow Shadow,しゃどうしゃどう,normal,12,,306,,,,,,,2024-10-09
2378,476,Shadow Shadow,しゃどうしゃどう,hard,16,,422,,,,,,,2024-10-09
2379,476,Shadow Shadow,しゃどうしゃどう,expert,23,,601,,,,,,,2024-10-09
2380,476,Shadow Shadow,しゃどうしゃどう,master,27,,783,,,,,,,2024-10-09
2381,477,モザイクロール (Reloaded),もざいくろーるりろーでっど,easy,6,,223,,,,,,,2024-10-01
2382,477,モザイクロール (Reloaded),もざいくろーるりろーでっど,normal,13,,417,,,,,,,2024-10-01
2383,477,モザイクロール (Reloaded),もざいくろーるりろーでっど,hard,17,,634,,,,,,,2024-10-01
2384,477,モザイクロール (Reloaded),もざいくろーるりろーでっど,expert,24,,871,,,,,,,2024-10-01
2385,477,モザイクロール (Reloaded),もざいくろーるりろーでっど,master,29,,876,,,,,,,2024-10-01
2386,478,フューエル,ふゅーえる,easy,7,,193,,,,,,,2024-10-29
2387,478,フューエル,ふゅーえる,normal,13,,312,,,,,,,2024-10-29
2388,478,フューエル,ふゅーえる,hard,17,,515,,,,,,,2024-10-29
2389,478,フューエル,ふゅーえる,expert,25,,698,,,,,,,2024-10-29
2390,478,フューエル,ふゅーえる,master,29,,930,,,,,,,2024-10-29
2396,480,おちゃめ機能,おちゃめきのう,easy,7,,262,,,,,,,2024-05-07
2397,480,おちゃめ機能,おちゃめきのう,normal,13,,425,,,,,,,2024-05-07
2398,480,おちゃめ機能,おちゃめきのう,hard,18,,656,,,,,,,2024-05-07
2399,480,おちゃめ機能,おちゃめきのう,expert,24,,933,,,,,,,2024-05-07
2400,480,おちゃめ機能,おちゃめきのう,master,30,,1171,,,,,,,2024-05-07
2401,481,明鏡止水,めいきょうしすい,easy,7,,211,,,,,,,2024-03-08
2402,481,明鏡止水,めいきょうしすい,normal,12,,331,,,,,,,2024-03-08
2403,481,明鏡止水,めいきょうしすい,hard,18,,557,,,,,,,2024-03-08
2404,481,明鏡止水,めいきょうしすい,expert,23,,728,,,,,,,2024-03-08
2405,481,明鏡止水,めいきょうしすい,master,28,,938,,,,,,,2024-03-08
2406,482,だめにんげんだ!,だめにんげんだ!,easy,8,,285,,,,,,,2024-05-24
2407,482,だめにんげんだ!,だめにんげんだ!,normal,13,,419,,,,,,,2024-05-24
2408,482,だめにんげんだ!,だめにんげんだ!,hard,19,,706,,,,,,,2024-05-24
2409,482,だめにんげんだ!,だめにんげんだ!,expert,26,,917,,,,,,,2024-05-24
2410,482,だめにんげんだ!,だめにんげんだ!,master,30,,976,,,,,,,2024-05-24
2411,483,アコトバ,あことば,easy,6,,157,,,,,,,2024-03-15
2412,483,アコトバ,あことば,normal,12,,291,,,,,,,2024-03-15
2413,483,アコトバ,あことば,hard,19,,475,,,,,,,2024-03-15
2414,483,アコトバ,あことば,expert,24,,664,,,,,,,2024-03-15
2415,483,アコトバ,あことば,master,29,,857,,,,,,,2024-03-15
2416,484,Henceforth,へんすふぉーす,easy,7,,227,,,,,,,2025-01-10
2417,484,Henceforth,へんすふぉーす,normal,12,,366,,,,,,,2025-01-10
2418,484,Henceforth,へんすふぉーす,hard,18,,572,,,,,,,2025-01-10
2419,484,Henceforth,へんすふぉーす,expert,25,,916,,,,,,,2025-01-10
2420,484,Henceforth,へんすふぉーす,master,29,,1057,,,,,,,2025-01-10
2421,485,だんだん早くなる,だんだんはやくなる,easy,7,,196,,,,,,,2024-04-04
2422,485,だんだん早くなる,だんだんはやくなる,normal,13,,419,,,,,,,2024-04-04
2423,485,だんだん早くなる,だんだんはやくなる,hard,18,,521,,,,,,,2024-04-04
2424,485,だんだん早くなる,だんだんはやくなる,expert,24,,851,,,,,,,2024-04-04
2425,485,だんだん早くなる,だんだんはやくなる,master,28,,918,,,,,,,2024-04-04
2426,486,おぎゃりないざー,おぎゃりないざー,easy,9,,337,,,,,,,2024-04-19
2427,486,おぎゃりないざー,おぎゃりないざー,normal,15,,501,,,,,,,2024-04-19
2428,486,おぎゃりないざー,おぎゃりないざー,hard,23,,1054,,,,,,,2024-04-19
2429,486,おぎゃりないざー,おぎゃりないざー,expert,31,,1387,,,,,,,2024-04-19
2430,486,おぎゃりないざー,おぎゃりないざー,master,34,,1637,,,,,,,2024-04-19
4048,486,おぎゃりないざー,おぎゃりないざー,append,37,,2050,,,,,,,2024-04-19
2431,487,ダイジョブですか？,だいじょぶですか？,easy,9,,474,,,,,,,2024-07-09
2432,487,ダイジョブですか？,だいじょぶですか？,normal,15,,530,,,,,,,2024-07-09
2433,487,ダイジョブですか？,だいじょぶですか？,hard,23,,1073,,,,,,,2024-07-09
2434,487,ダイジョブですか？,だいじょぶですか？,expert,31,,1495,,,,,,,2024-07-09
2435,487,ダイジョブですか？,だいじょぶですか？,master,34,,1674,,,,,,,2024-07-09
4063,487,ダイジョブですか？,だいじょぶですか？,append,37,,2555,,,,,,,2024-07-09
2436,488,メモリア,めもりあ,easy,9,,579,,,,,,,2024-10-21
2437,488,メモリア,めもりあ,normal,15,,778,,,,,,,2024-10-21
2438,488,メモリア,めもりあ,hard,23,,1324,,,,,,,2024-10-21
2439,488,メモリア,めもりあ,expert,31,,1637,,,,,,,2024-10-21
2440,488,メモリア,めもりあ,master,34,,1771,,,,,,,2024-10-21
4075,488,メモリア,めもりあ,append,37,,2117,,,,,,,2024-10-21
2441,489,熱風,ねっぷう,easy,8,,329,,,,,,,2024-09-29
2442,489,熱風,ねっぷう,normal,13,,400,,,,,,,2024-09-29
2443,489,熱風,ねっぷう,hard,16,,674,,,,,,,2024-09-29
2444,489,熱風,ねっぷう,expert,23,,871,,,,,,,2024-09-29
2445,489,熱風,ねっぷう,master,29,,925,,,,,,,2024-09-29
4073,489,熱風,ねっぷう,append,31,,1207,,,,,,,2024-09-29
2446,490,ルーマー,るーまー,easy,6,,214,,,,,,,2025-02-21
2447,490,ルーマー,るーまー,normal,12,,355,,,,,,,2025-02-21
2448,490,ルーマー,るーまー,hard,16,,561,,,,,,,2025-02-21
2449,490,ルーマー,るーまー,expert,24,,863,,,,,,,2025-02-21
2450,490,ルーマー,るーまー,master,28,,1015,,,,,,,2025-02-21
2451,491,キャットラビング,きゃっとらびんぐ,easy,7,,204,,,,,,,2024-11-13
2452,491,キャットラビング,きゃっとらびんぐ,normal,12,,323,,,,,,,2024-11-13
2453,491,キャットラビング,きゃっとらびんぐ,hard,17,,624,,,,,,,2024-11-13
2454,491,キャットラビング,きゃっとらびんぐ,expert,25,,934,,,,,,,2024-11-13
2455,491,キャットラビング,きゃっとらびんぐ,master,30,,1053,,,,,,,2024-11-13
2456,492,私は雨,わたしはあめ,easy,6,,242,,,,,,,2024-04-10
2457,492,私は雨,わたしはあめ,normal,12,,289,,,,,,,2024-04-10
2458,492,私は雨,わたしはあめ,hard,18,,506,,,,,,,2024-04-10
2459,492,私は雨,わたしはあめ,expert,24,,823,,,,,,,2024-04-10
2460,492,私は雨,わたしはあめ,master,28,,918,,,,,,,2024-04-10
2461,493,きょうもハレバレ,きょうもはればれ,easy,6,,221,,,,,,,2024-06-10
2462,493,きょうもハレバレ,きょうもはればれ,normal,13,,290,,,,,,,2024-06-10
2463,493,きょうもハレバレ,きょうもはればれ,hard,17,,623,,,,,,,2024-06-10
2464,493,きょうもハレバレ,きょうもはればれ,expert,24,,793,,,,,,,2024-06-10
2465,493,きょうもハレバレ,きょうもはればれ,master,28,,1033,,,,,,,2024-06-10
2466,494,ポッピンキャンディ☆フィーバー！,ぽっぴんきゃんでぃ☆ふぃーばー！,easy,8,,224,,,,,,,2024-07-01
2467,494,ポッピンキャンディ☆フィーバー！,ぽっぴんきゃんでぃ☆ふぃーばー！,normal,13,,392,,,,,,,2024-07-01
2468,494,ポッピンキャンディ☆フィーバー！,ぽっぴんきゃんでぃ☆ふぃーばー！,hard,19,,715,,,,,,,2024-07-01
2469,494,ポッピンキャンディ☆フィーバー！,ぽっぴんきゃんでぃ☆ふぃーばー！,expert,26,,1140,,,,,,,2024-07-01
2470,494,ポッピンキャンディ☆フィーバー！,ぽっぴんきゃんでぃ☆ふぃーばー！,master,31,,1323,,,,,,,2024-07-01
2471,495,スーパーヒーロー,すーぱーひーろー,easy,6,,172,,,,,,,2024-09-09
2472,495,スーパーヒーロー,すーぱーひーろー,normal,13,,338,,,,,,,2024-09-09
2473,495,スーパーヒーロー,すーぱーひーろー,hard,20,,728,,,,,,,2024-09-09
2474,495,スーパーヒーロー,すーぱーひーろー,expert,25,,904,,,,,,,2024-09-09
2475,495,スーパーヒーロー,すーぱーひーろー,master,29,,909,,,,,,,2024-09-09
2476,496,シルバーコレクター,しるばーこれくたー,easy,8,,275,,,,,,,2024-04-22
2477,496,シルバーコレクター,しるばーこれくたー,normal,13,,484,,,,,,,2024-04-22
2478,496,シルバーコレクター,しるばーこれくたー,hard,19,,735,,,,,,,2024-04-22
2479,496,シルバーコレクター,しるばーこれくたー,expert,26,,1113,,,,,,,2024-04-22
2480,496,シルバーコレクター,しるばーこれくたー,master,32,,1178,,,,,,,2024-04-22
2481,497,烈火,れっか,easy,6,,305,,,,,,,2024-04-30
2482,497,烈火,れっか,normal,12,,354,,,,,,,2024-04-30
2483,497,烈火,れっか,hard,16,,574,,,,,,,2024-04-30
2484,497,烈火,れっか,expert,23,,786,,,,,,,2024-04-30
2485,497,烈火,れっか,master,27,,948,,,,,,,2024-04-30
2486,498,はしる! とおく! とどく!,はしるとおくとどく,easy,8,,206,,,,,,,2024-12-19
2487,498,はしる! とおく! とどく!,はしるとおくとどく,normal,13,,369,,,,,,,2024-12-19
2488,498,はしる! とおく! とどく!,はしるとおくとどく,hard,17,,538,,,,,,,2024-12-19
2489,498,はしる! とおく! とどく!,はしるとおくとどく,expert,25,,742,,,,,,,2024-12-19
2490,498,はしる! とおく! とどく!,はしるとおくとどく,master,29,,957,,,,,,,2024-12-19
2491,499,混沌ブギ,こんとんぶぎ,easy,9,,400,,,,,,,2024-12-29
2492,499,混沌ブギ,こんとんぶぎ,normal,14,,507,,,,,,,2024-12-29
2493,499,混沌ブギ,こんとんぶぎ,hard,19,,683,,,,,,,2024-12-29
2494,499,混沌ブギ,こんとんぶぎ,expert,25,,962,,,,,,,2024-12-29
2495,499,混沌ブギ,こんとんぶぎ,master,30,,1189,,,,,,,2024-12-29
4084,499,混沌ブギ,こんとんぶぎ,append,33,,1615,,,,,,,2024-12-29
2496,500,余花にみとれて,よかにみとれて,easy,5,,152,,,,,,,2024-12-09
2497,500,余花にみとれて,よかにみとれて,normal,11,,217,,,,,,,2024-12-09
2498,500,余花にみとれて,よかにみとれて,hard,15,,389,,,,,,,2024-12-09
2499,500,余花にみとれて,よかにみとれて,expert,21,,599,,,,,,,2024-12-09
2500,500,余花にみとれて,よかにみとれて,master,25,,613,,,,,,,2024-12-09
2501,501,Bad Apple!! feat.SEKAI,ばっどあっぷるふぃーちゃりんぐせかい,easy,7,,250,,,,,,,2024-05-04
2502,501,Bad Apple!! feat.SEKAI,ばっどあっぷるふぃーちゃりんぐせかい,normal,11,,477,,,,,,,2024-05-04
2503,501,Bad Apple!! feat.SEKAI,ばっどあっぷるふぃーちゃりんぐせかい,hard,18,,679,,,,,,,2024-05-04
2504,501,Bad Apple!! feat.SEKAI,ばっどあっぷるふぃーちゃりんぐせかい,expert,24,,883,,,,,,,2024-05-04
2505,501,Bad Apple!! feat.SEKAI,ばっどあっぷるふぃーちゃりんぐせかい,master,29,,1181,,,,,,,2024-05-04
4051,501,Bad Apple!! feat.SEKAI,ばっどあっぷるふぃーちゃりんぐせかい,append,31,,1328,,,,,,,2024-05-04
2506,502,"Help me, ERINNNNNN!!",へるぷみーえーりん,easy,8,,295,,,,,,,2024-05-05
2507,502,"Help me, ERINNNNNN!!",へるぷみーえーりん,normal,13,,517,,,,,,,2024-05-05
2508,502,"Help me, ERINNNNNN!!",へるぷみーえーりん,hard,19,,994,,,,,,,2024-05-05
2509,502,"Help me, ERINNNNNN!!",へるぷみーえーりん,expert,26,,1168,,,,,,,2024-05-05
2510,502,"Help me, ERINNNNNN!!",へるぷみーえーりん,master,30,,1318,,,,,,,2024-05-05
4052,502,"Help me, ERINNNNNN!!",へるぷみーえーりん,append,32,,1564,,,,,,,2024-05-05
2511,503,超最終鬼畜妹フランドール・Ｓ,ちょうさいしゅうきちくいもうとふらんどーるえす,easy,9,,401,,,,,,,2024-05-03
2512,503,超最終鬼畜妹フランドール・Ｓ,ちょうさいしゅうきちくいもうとふらんどーるえす,normal,14,,448,,,,,,,2024-05-03
2513,503,超最終鬼畜妹フランドール・Ｓ,ちょうさいしゅうきちくいもうとふらんどーるえす,hard,20,,857,,,,,,,2024-05-03
2514,503,超最終鬼畜妹フランドール・Ｓ,ちょうさいしゅうきちくいもうとふらんどーるえす,expert,28,,1175,,,,,,,2024-05-03
2515,503,超最終鬼畜妹フランドール・Ｓ,ちょうさいしゅうきちくいもうとふらんどーるえす,master,32,,1270,,,,,,,2024-05-03
4053,503,超最終鬼畜妹フランドール・Ｓ,ちょうさいしゅうきちくいもうとふらんどーるえす,append,35,,1914,,,,,,,2024-05-03
2516,504,I know 愛脳.,あいのーあいのう,easy,7,,180,,,,,,,2024-05-20
2517,504,I know 愛脳.,あいのーあいのう,normal,14,,385,,,,,,,2024-05-20
2518,504,I know 愛脳.,あいのーあいのう,hard,20,,749,,,,,,,2024-05-20
2519,504,I know 愛脳.,あいのーあいのう,expert,26,,1016,,,,,,,2024-05-20
2520,504,I know 愛脳.,あいのーあいのう,master,31,,1119,,,,,,,2024-05-20
2521,505,コールボーイ,こーるぼーい,easy,6,,162,,,,,,,2024-10-05
2522,505,コールボーイ,こーるぼーい,normal,13,,279,,,,,,,2024-10-05
2523,505,コールボーイ,こーるぼーい,hard,17,,461,,,,,,,2024-10-05
2524,505,コールボーイ,こーるぼーい,expert,25,,809,,,,,,,2024-10-05
2525,505,コールボーイ,こーるぼーい,master,29,,836,,,,,,,2024-10-05
2526,506,QUEEN,くいーん,easy,8,,239,,,,,,,2024-08-26
2527,506,QUEEN,くいーん,normal,13,,521,,,,,,,2024-08-26
2528,506,QUEEN,くいーん,hard,18,,776,,,,,,,2024-08-26
2529,506,QUEEN,くいーん,expert,25,,1164,,,,,,,2024-08-26
2530,506,QUEEN,くいーん,master,29,,1385,,,,,,,2024-08-26
2531,507,エンパープル,えんぱーぷる,easy,6,,181,,,,,,,2024-06-20
2532,507,エンパープル,えんぱーぷる,normal,12,,288,,,,,,,2024-06-20
2533,507,エンパープル,えんぱーぷる,hard,17,,549,,,,,,,2024-06-20
2534,507,エンパープル,えんぱーぷる,expert,24,,813,,,,,,,2024-06-20
2535,507,エンパープル,えんぱーぷる,master,29,,877,,,,,,,2024-06-20
4060,507,エンパープル,えんぱーぷる,append,30,,1126,,,,,,,2024-06-20
2536,508,ヘイヴン,へいヴん,easy,7,,234,,,,,,,2025-01-19
2537,508,ヘイヴン,へいヴん,normal,12,,312,,,,,,,2025-01-19
2538,508,ヘイヴン,へいヴん,hard,19,,595,,,,,,,2025-01-19
2539,508,ヘイヴン,へいヴん,expert,26,,875,,,,,,,2025-01-19
2540,508,ヘイヴン,へいヴん,master,30,,977,,,,,,,2025-01-19
2541,509,ライアーダンサー,らいあーだんさー,easy,7,,260,,,,,,,2025-03-10
2542,509,ライアーダンサー,らいあーだんさー,normal,12,,337,,,,,,,2025-03-10
2543,509,ライアーダンサー,らいあーだんさー,hard,18,,678,,,,,,,2025-03-10
2544,509,ライアーダンサー,らいあーだんさー,expert,26,,892,,,,,,,2025-03-10
2545,509,ライアーダンサー,らいあーだんさー,master,31,,1224,,,,,,,2025-03-10
2546,510,失敗作少女,しっぱいさくしょうじょ,easy,5,,176,,,,,,,2025-05-12
2547,510,失敗作少女,しっぱいさくしょうじょ,normal,12,,222,,,,,,,2025-05-12
2548,510,失敗作少女,しっぱいさくしょうじょ,hard,18,,596,,,,,,,2025-05-12
2549,510,失敗作少女,しっぱいさくしょうじょ,expert,25,,805,,,,,,,2025-05-12
2550,510,失敗作少女,しっぱいさくしょうじょ,master,29,,986,,,,,,,2025-05-12
2551,511,如月アテンション,きさらぎあてんしょん,easy,8,,214,,,,,,,2024-10-03
2552,511,如月アテンション,きさらぎあてんしょん,normal,13,,455,,,,,,,2024-10-03
2553,511,如月アテンション,きさらぎあてんしょん,hard,18,,755,,,,,,,2024-10-03
2554,511,如月アテンション,きさらぎあてんしょん,expert,25,,855,,,,,,,2024-10-03
2555,511,如月アテンション,きさらぎあてんしょん,master,29,,1155,,,,,,,2024-10-03
2556,512,合成するミライ,ごうせいするみらい,easy,7,,367,,,,,,,2024-06-24
2557,512,合成するミライ,ごうせいするみらい,normal,12,,467,,,,,,,2024-06-24
2558,512,合成するミライ,ごうせいするみらい,hard,19,,764,,,,,,,2024-06-24
2559,512,合成するミライ,ごうせいするみらい,expert,25,,969,,,,,,,2024-06-24
2560,512,合成するミライ,ごうせいするみらい,master,30,,1094,,,,,,,2024-06-24
2561,513,CH4NGE,ちぇんじ,easy,6,,158,,,,,,,2025-01-01
2562,513,CH4NGE,ちぇんじ,normal,11,,300,,,,,,,2025-01-01
2563,513,CH4NGE,ちぇんじ,hard,17,,417,,,,,,,2025-01-01
2564,513,CH4NGE,ちぇんじ,expert,24,,789,,,,,,,2025-01-01
2565,513,CH4NGE,ちぇんじ,master,28,,1101,,,,,,,2025-01-01
2571,515,イガク,いがく,easy,7,,284,,,,,,,2024-08-03
2572,515,イガク,いがく,normal,14,,497,,,,,,,2024-08-03
2573,515,イガク,いがく,hard,20,,648,,,,,,,2024-08-03
2574,515,イガク,いがく,expert,25,,892,,,,,,,2024-08-03
2575,515,イガク,いがく,master,31,,1226,,,,,,,2024-08-03
2576,516,あちこちデートさん,あちこちでーとさん,easy,5,,166,,,,,,,2024-08-04
2577,516,あちこちデートさん,あちこちでーとさん,normal,11,,221,,,,,,,2024-08-04
2578,516,あちこちデートさん,あちこちでーとさん,hard,16,,433,,,,,,,2024-08-04
2579,516,あちこちデートさん,あちこちでーとさん,expert,22,,693,,,,,,,2024-08-04
2580,516,あちこちデートさん,あちこちでーとさん,master,30,,829,,,,,,,2024-08-04
2581,517,メリーゴーラウンド,めりーごーらうんど,easy,5,,218,,,,,,,2024-07-22
2582,517,メリーゴーラウンド,めりーごーらうんど,normal,12,,375,,,,,,,2024-07-22
2583,517,メリーゴーラウンド,めりーごーらうんど,hard,18,,609,,,,,,,2024-07-22
2584,517,メリーゴーラウンド,めりーごーらうんど,expert,26,,874,,,,,,,2024-07-22
2585,517,メリーゴーラウンド,めりーごーらうんど,master,29,,1024,,,,,,,2024-07-22
2586,518,みかぼし,みかぼし,easy,7,,303,,,,,,,2024-12-02
2587,518,みかぼし,みかぼし,normal,12,,435,,,,,,,2024-12-02
2588,518,みかぼし,みかぼし,hard,17,,771,,,,,,,2024-12-02
2589,518,みかぼし,みかぼし,expert,24,,984,,,,,,,2024-12-02
2590,518,みかぼし,みかぼし,master,30,,1114,,,,,,,2024-12-02
2591,519,夏夜ノ唄,なつよのうた,easy,5,,176,,,,,,,2024-08-23
2592,519,夏夜ノ唄,なつよのうた,normal,13,,321,,,,,,,2024-08-23
2593,519,夏夜ノ唄,なつよのうた,hard,16,,388,,,,,,,2024-08-23
2594,519,夏夜ノ唄,なつよのうた,expert,23,,695,,,,,,,2024-08-23
2595,519,夏夜ノ唄,なつよのうた,master,28,,787,,,,,,,2024-08-23
2596,520,透明エレジー,とうめいえれじー,easy,9,,274,,,,,,,2025-03-17
2597,520,透明エレジー,とうめいえれじー,normal,12,,349,,,,,,,2025-03-17
2598,520,透明エレジー,とうめいえれじー,hard,17,,633,,,,,,,2025-03-17
2599,520,透明エレジー,とうめいえれじー,expert,25,,848,,,,,,,2025-03-17
2600,520,透明エレジー,とうめいえれじー,master,30,,1058,,,,,,,2025-03-17
2601,521,オーバーライド,おーばーらいど,easy,9,,247,,,,,,,2025-03-07
2602,521,オーバーライド,おーばーらいど,normal,14,,369,,,,,,,2025-03-07
2603,521,オーバーライド,おーばーらいど,hard,18,,700,,,,,,,2025-03-07
2604,521,オーバーライド,おーばーらいど,expert,26,,1004,,,,,,,2025-03-07
2605,521,オーバーライド,おーばーらいど,master,31,,1265,,,,,,,2025-03-07
2606,522,WAVE,うぇーぶ,easy,6,,174,,,,,,,2024-08-13
2607,522,WAVE,うぇーぶ,normal,12,,244,,,,,,,2024-08-13
2608,522,WAVE,うぇーぶ,hard,17,,497,,,,,,,2024-08-13
2609,522,WAVE,うぇーぶ,expert,24,,794,,,,,,,2024-08-13
2610,522,WAVE,うぇーぶ,master,28,,837,,,,,,,2024-08-13
4147,522,WAVE,うぇーぶ,append,30,,1029,,,,,,,2024-08-13
2611,523,きみとぼくのレゾナンス,きみとぼくのれぞなんす,easy,7,,307,,,,,,,2024-10-06
2612,523,きみとぼくのレゾナンス,きみとぼくのれぞなんす,normal,13,,407,,,,,,,2024-10-06
2613,523,きみとぼくのレゾナンス,きみとぼくのれぞなんす,hard,16,,591,,,,,,,2024-10-06
2614,523,きみとぼくのレゾナンス,きみとぼくのれぞなんす,expert,24,,896,,,,,,,2024-10-06
2615,523,きみとぼくのレゾナンス,きみとぼくのれぞなんす,master,28,,1115,,,,,,,2024-10-06
2616,524,それでも僕らは歌うことをやめない,それでもぼくらはうたうことをやめない,easy,8,,171,,,,,,,2024-09-20
2617,524,それでも僕らは歌うことをやめない,それでもぼくらはうたうことをやめない,normal,13,,300,,,,,,,2024-09-20
2618,524,それでも僕らは歌うことをやめない,それでもぼくらはうたうことをやめない,hard,18,,609,,,,,,,2024-09-20
2619,524,それでも僕らは歌うことをやめない,それでもぼくらはうたうことをやめない,expert,26,,705,,,,,,,2024-09-20
2620,524,それでも僕らは歌うことをやめない,それでもぼくらはうたうことをやめない,master,30,,814,,,,,,,2024-09-20
2621,525,アンテナ39,あんてなさんきゅー,easy,6,,239,,,,,,,2024-08-30
2622,525,アンテナ39,あんてなさんきゅー,normal,13,,439,,,,,,,2024-08-30
2623,525,アンテナ39,あんてなさんきゅー,hard,18,,639,,,,,,,2024-08-30
2624,525,アンテナ39,あんてなさんきゅー,expert,25,,1039,,,,,,,2024-08-30
2625,525,アンテナ39,あんてなさんきゅー,master,30,,1139,,,,,,,2024-08-30
2626,526,彗星ノ銀河,すいせいのくに,easy,5,,137,,,,,,,2024-08-19
2627,526,彗星ノ銀河,すいせいのくに,normal,11,,189,,,,,,,2024-08-19
2628,526,彗星ノ銀河,すいせいのくに,hard,16,,469,,,,,,,2024-08-19
2629,526,彗星ノ銀河,すいせいのくに,expert,21,,688,,,,,,,2024-08-19
2630,526,彗星ノ銀河,すいせいのくに,master,26,,699,,,,,,,2024-08-19
2631,527,Unpoison,あんぽいずん,easy,5,,156,,,,,,,2024-09-24
2632,527,Unpoison,あんぽいずん,normal,12,,275,,,,,,,2024-09-24
2633,527,Unpoison,あんぽいずん,hard,17,,553,,,,,,,2024-09-24
2634,527,Unpoison,あんぽいずん,expert,23,,714,,,,,,,2024-09-24
2635,527,Unpoison,あんぽいずん,master,28,,897,,,,,,,2024-09-24
2641,529,カルチャ,かるちゃ,easy,7,,169,,,,,,,2024-09-13
2642,529,カルチャ,かるちゃ,normal,13,,327,,,,,,,2024-09-13
2643,529,カルチャ,かるちゃ,hard,17,,512,,,,,,,2024-09-13
2644,529,カルチャ,かるちゃ,expert,25,,797,,,,,,,2024-09-13
2645,529,カルチャ,かるちゃ,master,28,,1037,,,,,,,2024-09-13
2646,530,キャットフード,きゃっとふーど,easy,7,,274,,,,,,,2024-10-15
2647,530,キャットフード,きゃっとふーど,normal,12,,427,,,,,,,2024-10-15
2648,530,キャットフード,きゃっとふーど,hard,17,,602,,,,,,,2024-10-15
2649,530,キャットフード,きゃっとふーど,expert,24,,895,,,,,,,2024-10-15
2650,530,キャットフード,きゃっとふーど,master,28,,1107,,,,,,,2024-10-15
2651,531,メズマライザー,めずまらいざー,easy,8,,271,,,,,,,2024-10-02
2652,531,メズマライザー,めずまらいざー,normal,13,,440,,,,,,,2024-10-02
2653,531,メズマライザー,めずまらいざー,hard,20,,761,,,,,,,2024-10-02
2654,531,メズマライザー,めずまらいざー,expert,26,,1218,,,,,,,2024-10-02
2655,531,メズマライザー,めずまらいざー,master,31,,1451,,,,,,,2024-10-02
2656,532,レイヤーノート,れいやーのーと,easy,5,,112,,,,,,,2024-09-17
2657,532,レイヤーノート,れいやーのーと,normal,11,,213,,,,,,,2024-09-17
2658,532,レイヤーノート,れいやーのーと,hard,16,,391,,,,,,,2024-09-17
2659,532,レイヤーノート,れいやーのーと,expert,21,,563,,,,,,,2024-09-17
2660,532,レイヤーノート,れいやーのーと,master,27,,679,,,,,,,2024-09-17
2661,533,転生林檎,てんせいりんご,easy,6,,208,,,,,,,2024-10-07
2662,533,転生林檎,てんせいりんご,normal,12,,307,,,,,,,2024-10-07
2663,533,転生林檎,てんせいりんご,hard,20,,641,,,,,,,2024-10-07
2664,533,転生林檎,てんせいりんご,expert,25,,851,,,,,,,2024-10-07
2665,533,転生林檎,てんせいりんご,master,29,,879,,,,,,,2024-10-07
2666,534,ワールド・ランプシェード [reunion],わーるど らんぷしぇーど りゆにおん,easy,8,,356,,,,,,,2025-01-03
2667,534,ワールド・ランプシェード [reunion],わーるど らんぷしぇーど りゆにおん,normal,14,,512,,,,,,,2025-01-03
2668,534,ワールド・ランプシェード [reunion],わーるど らんぷしぇーど りゆにおん,hard,18,,724,,,,,,,2025-01-03
2669,534,ワールド・ランプシェード [reunion],わーるど らんぷしぇーど りゆにおん,expert,25,,895,,,,,,,2025-01-03
2670,534,ワールド・ランプシェード [reunion],わーるど らんぷしぇーど りゆにおん,master,30,,1155,,,,,,,2025-01-03
2676,536,Fire◎Flower (Rerec),ふぁいあふらわー,easy,8,,238,,,,,,,2025-03-02
2677,536,Fire◎Flower (Rerec),ふぁいあふらわー,normal,13,,403,,,,,,,2025-03-02
2678,536,Fire◎Flower (Rerec),ふぁいあふらわー,hard,17,,568,,,,,,,2025-03-02
2679,536,Fire◎Flower (Rerec),ふぁいあふらわー,expert,25,,734,,,,,,,2025-03-02
2680,536,Fire◎Flower (Rerec),ふぁいあふらわー,master,29,,863,,,,,,,2025-03-02
2681,537,花に風,はなにかぜ,easy,6,,194,,,,,,,2025-04-08
2682,537,花に風,はなにかぜ,normal,13,,289,,,,,,,2025-04-08
2683,537,花に風,はなにかぜ,hard,17,,625,,,,,,,2025-04-08
2684,537,花に風,はなにかぜ,expert,24,,755,,,,,,,2025-04-08
2685,537,花に風,はなにかぜ,master,28,,960,,,,,,,2025-04-08
2686,538,オールセーブチャレンジ,おーるせーぶちゃれんじ,easy,7,,222,,,,,,,2025-04-28
2687,538,オールセーブチャレンジ,おーるせーぶちゃれんじ,normal,13,,347,,,,,,,2025-04-28
2688,538,オールセーブチャレンジ,おーるせーぶちゃれんじ,hard,19,,630,,,,,,,2025-04-28
2689,538,オールセーブチャレンジ,おーるせーぶちゃれんじ,expert,26,,795,,,,,,,2025-04-28
2690,538,オールセーブチャレンジ,おーるせーぶちゃれんじ,master,30,,918,,,,,,,2025-04-28
2691,539,イレヴンス,いれヴんす,easy,6,,172,,,,,,,2025-05-29
2692,539,イレヴンス,いれヴんす,normal,12,,235,,,,,,,2025-05-29
2693,539,イレヴンス,いれヴんす,hard,16,,419,,,,,,,2025-05-29
2694,539,イレヴンス,いれヴんす,expert,23,,677,,,,,,,2025-05-29
2695,539,イレヴンス,いれヴんす,master,27,,699,,,,,,,2025-05-29
2696,540,虚無さん,にひるさん,easy,5,,128,,,,,,,2025-05-06
2697,540,虚無さん,にひるさん,normal,13,,251,,,,,,,2025-05-06
2698,540,虚無さん,にひるさん,hard,18,,526,,,,,,,2025-05-06
2699,540,虚無さん,にひるさん,expert,24,,650,,,,,,,2025-05-06
2700,540,虚無さん,にひるさん,master,29,,899,,,,,,,2025-05-06
2701,541,メインキャラクター,めいんきゃらくたー,easy,8,,322,,,,,,,2024-10-04
2702,541,メインキャラクター,めいんきゃらくたー,normal,12,,388,,,,,,,2024-10-04
2703,541,メインキャラクター,めいんきゃらくたー,hard,17,,655,,,,,,,2024-10-04
2704,541,メインキャラクター,めいんきゃらくたー,expert,25,,951,,,,,,,2024-10-04
2705,541,メインキャラクター,めいんきゃらくたー,master,29,,1043,,,,,,,2024-10-04
2706,542,Blackjack,ぶらっくじゃっく,easy,6,,221,,,,,,,2024-10-08
2707,542,Blackjack,ぶらっくじゃっく,normal,13,,321,,,,,,,2024-10-08
2708,542,Blackjack,ぶらっくじゃっく,hard,17,,621,,,,,,,2024-10-08
2709,542,Blackjack,ぶらっくじゃっく,expert,25,,921,,,,,,,2024-10-08
2710,542,Blackjack,ぶらっくじゃっく,master,31,,1021,,,,,,,2024-10-08
2711,543,生命性シンドロウム,せいめいせいしんどろうむ,easy,9,,461,,,,,,,2024-10-10
2712,543,生命性シンドロウム,せいめいせいしんどろうむ,normal,14,,617,,,,,,,2024-10-10
2713,543,生命性シンドロウム,せいめいせいしんどろうむ,hard,20,,871,,,,,,,2024-10-10
2714,543,生命性シンドロウム,せいめいせいしんどろうむ,expert,29,,1299,,,,,,,2024-10-10
2715,543,生命性シンドロウム,せいめいせいしんどろうむ,master,33,,1493,,,,,,,2024-10-10
4077,543,生命性シンドロウム,せいめいせいしんどろうむ,append,36,,2357,,,,,,,2024-10-10
2716,544,妄想アスパルテーム,もうそうあすぱるてーむ,easy,7,,312,,,,,,,2024-11-05
2717,544,妄想アスパルテーム,もうそうあすぱるてーむ,normal,12,,410,,,,,,,2024-11-05
2718,544,妄想アスパルテーム,もうそうあすぱるてーむ,hard,17,,577,,,,,,,2024-11-05
2719,544,妄想アスパルテーム,もうそうあすぱるてーむ,expert,25,,828,,,,,,,2024-11-05
2720,544,妄想アスパルテーム,もうそうあすぱるてーむ,master,30,,1134,,,,,,,2024-11-05
2721,545,脳天,のうてん,easy,7,,239,,,,,,,2024-10-28
2722,545,脳天,のうてん,normal,12,,297,,,,,,,2024-10-28
2723,545,脳天,のうてん,hard,17,,489,,,,,,,2024-10-28
2724,545,脳天,のうてん,expert,23,,901,,,,,,,2024-10-28
2725,545,脳天,のうてん,master,27,,975,,,,,,,2024-10-28
2726,546,その音が鳴るなら,そのおとがなるなら,easy,9,,263,,,,,,,2024-10-31
2727,546,その音が鳴るなら,そのおとがなるなら,normal,13,,382,,,,,,,2024-10-31
2728,546,その音が鳴るなら,そのおとがなるなら,hard,18,,686,,,,,,,2024-10-31
2729,546,その音が鳴るなら,そのおとがなるなら,expert,25,,952,,,,,,,2024-10-31
2730,546,その音が鳴るなら,そのおとがなるなら,master,29,,958,,,,,,,2024-10-31
2731,547,終焉逃避行,しゅうえんとうひこう,easy,6,,147,,,,,,,2025-02-01
2732,547,終焉逃避行,しゅうえんとうひこう,normal,12,,278,,,,,,,2025-02-01
2733,547,終焉逃避行,しゅうえんとうひこう,hard,18,,522,,,,,,,2025-02-01
2734,547,終焉逃避行,しゅうえんとうひこう,expert,25,,721,,,,,,,2025-02-01
2735,547,終焉逃避行,しゅうえんとうひこう,master,29,,816,,,,,,,2025-02-01
2736,548,ぼくのかみさま,ぼくのかみさま,easy,6,,230,,,,,,,2024-11-20
2737,548,ぼくのかみさま,ぼくのかみさま,normal,13,,350,,,,,,,2024-11-20
2738,548,ぼくのかみさま,ぼくのかみさま,hard,17,,486,,,,,,,2024-11-20
2739,548,ぼくのかみさま,ぼくのかみさま,expert,24,,792,,,,,,,2024-11-20
2740,548,ぼくのかみさま,ぼくのかみさま,master,28,,876,,,,,,,2024-11-20
4080,548,ぼくのかみさま,ぼくのかみさま,append,27,,989,,,,,,,2024-11-20
2741,549,化けの花,ばけのはな,easy,8,,282,,,,,,,2024-10-12
2742,549,化けの花,ばけのはな,normal,13,,346,,,,,,,2024-10-12
2743,549,化けの花,ばけのはな,hard,18,,579,,,,,,,2024-10-12
2744,549,化けの花,ばけのはな,expert,27,,875,,,,,,,2024-10-12
2745,549,化けの花,ばけのはな,master,31,,1003,,,,,,,2024-10-12
2746,550,shake it!,しぇいくいっと,easy,6,,226,,,,,,,2026-09-01
2747,550,shake it!,しぇいくいっと,normal,12,,269,,,,,,,2026-09-01
2748,550,shake it!,しぇいくいっと,hard,18,,544,,,,,,,2026-09-01
2749,550,shake it!,しぇいくいっと,expert,24,,789,,,,,,,2026-09-01
2750,550,shake it!,しぇいくいっと,master,28,,985,,,,,,,2026-09-01
2751,551,ロストアンブレラ,ろすとあんぶれら,easy,7,,249,,,,,,,2025-10-09
2752,551,ロストアンブレラ,ろすとあんぶれら,normal,12,,280,,,,,,,2025-10-09
2753,551,ロストアンブレラ,ろすとあんぶれら,hard,18,,629,,,,,,,2025-10-09
2754,551,ロストアンブレラ,ろすとあんぶれら,expert,24,,804,,,,,,,2025-10-09
2755,551,ロストアンブレラ,ろすとあんぶれら,master,30,,926,,,,,,,2025-10-09
2756,552,M@GICAL☆CURE! LOVE ♥ SHOT!,まじかるきゅあらぶしょっと,easy,8,,396,,,,,,,2025-07-01
2757,552,M@GICAL☆CURE! LOVE ♥ SHOT!,まじかるきゅあらぶしょっと,normal,14,,581,,,,,,,2025-07-01
2758,552,M@GICAL☆CURE! LOVE ♥ SHOT!,まじかるきゅあらぶしょっと,hard,20,,828,,,,,,,2025-07-01
2759,552,M@GICAL☆CURE! LOVE ♥ SHOT!,まじかるきゅあらぶしょっと,expert,28,,980,,,,,,,2025-07-01
2760,552,M@GICAL☆CURE! LOVE ♥ SHOT!,まじかるきゅあらぶしょっと,master,30,,1215,,,,,,,2025-07-01
2761,553,パリィ,ぱりぃ,easy,6,,212,,,,,,,2024-11-25
2762,553,パリィ,ぱりぃ,normal,12,,293,,,,,,,2024-11-25
2763,553,パリィ,ぱりぃ,hard,18,,689,,,,,,,2024-11-25
2764,553,パリィ,ぱりぃ,expert,27,,963,,,,,,,2024-11-25
2765,553,パリィ,ぱりぃ,master,31,,1024,,,,,,,2024-11-25
2766,554,snooze,すぬーず,easy,7,,248,,,,,,,2025-01-02
2767,554,snooze,すぬーず,normal,13,,416,,,,,,,2025-01-02
2768,554,snooze,すぬーず,hard,19,,798,,,,,,,2025-01-02
2769,554,snooze,すぬーず,expert,26,,961,,,,,,,2025-01-02
2770,554,snooze,すぬーず,master,32,,1142,,,,,,,2025-01-02
4085,554,snooze,すぬーず,append,33,,1429,,,,,,,2025-01-02
2771,555,フュージョン,ふゅーじょん,easy,8,,297,,,,,,,2025-02-15
2772,555,フュージョン,ふゅーじょん,normal,13,,436,,,,,,,2025-02-15
2773,555,フュージョン,ふゅーじょん,hard,18,,808,,,,,,,2025-02-15
2774,555,フュージョン,ふゅーじょん,expert,27,,1056,,,,,,,2025-02-15
2775,555,フュージョン,ふゅーじょん,master,30,,1184,,,,,,,2025-02-15
4097,555,フュージョン,ふゅーじょん,append,34,,1555,,,,,,,2025-02-15
2776,556,サイハテ,さいはて,easy,6,,190,,,,,,,2025-01-05
2777,556,サイハテ,さいはて,normal,12,,465,,,,,,,2025-01-05
2778,556,サイハテ,さいはて,hard,17,,675,,,,,,,2025-01-05
2779,556,サイハテ,さいはて,expert,23,,840,,,,,,,2025-01-05
2780,556,サイハテ,さいはて,master,28,,999,,,,,,,2025-01-05
2781,557,花溺れ,はなおぼれ,easy,6,,145,,,,,,,2024-12-23
2782,557,花溺れ,はなおぼれ,normal,12,,231,,,,,,,2024-12-23
2783,557,花溺れ,はなおぼれ,hard,17,,520,,,,,,,2024-12-23
2784,557,花溺れ,はなおぼれ,expert,26,,780,,,,,,,2024-12-23
2785,557,花溺れ,はなおぼれ,master,29,,895,,,,,,,2024-12-23
2786,558,のだ,のだ,easy,6,,229,,,,,,,2025-01-04
2787,558,のだ,のだ,normal,12,,377,,,,,,,2025-01-04
2788,558,のだ,のだ,hard,18,,592,,,,,,,2025-01-04
2789,558,のだ,のだ,expert,25,,918,,,,,,,2025-01-04
2790,558,のだ,のだ,master,30,,927,,,,,,,2025-01-04
4082,558,のだ,のだ,append,33,,1346,,,,,,,2025-01-04
2791,559,おどりゃんせ,おどりゃんせ,easy,7,,245,,,,,,,2025-10-01
2792,559,おどりゃんせ,おどりゃんせ,normal,13,,437,,,,,,,2025-10-01
2793,559,おどりゃんせ,おどりゃんせ,hard,18,,732,,,,,,,2025-10-01
2794,559,おどりゃんせ,おどりゃんせ,expert,27,,1100,,,,,,,2025-10-01
2795,559,おどりゃんせ,おどりゃんせ,master,32,,1303,,,,,,,2025-10-01
2796,560,アイリッド,あいりっど,easy,6,,157,,,,,,,2025-07-13
2797,560,アイリッド,あいりっど,normal,12,,250,,,,,,,2025-07-13
2798,560,アイリッド,あいりっど,hard,17,,572,,,,,,,2025-07-13
2799,560,アイリッド,あいりっど,expert,25,,813,,,,,,,2025-07-13
2800,560,アイリッド,あいりっど,master,29,,960,,,,,,,2025-07-13
2801,561,プロトディスコ,ぷろとでぃすこ,easy,6,,227,,,,,,,2024-12-31
2802,561,プロトディスコ,ぷろとでぃすこ,normal,12,,317,,,,,,,2024-12-31
2803,561,プロトディスコ,ぷろとでぃすこ,hard,18,,562,,,,,,,2024-12-31
2804,561,プロトディスコ,ぷろとでぃすこ,expert,26,,913,,,,,,,2024-12-31
2805,561,プロトディスコ,ぷろとでぃすこ,master,32,,1057,,,,,,,2024-12-31
4089,561,プロトディスコ,ぷろとでぃすこ,append,34,,1404,,,,,,,2024-12-31
2806,562,アンヘル,あんへる,easy,8,,291,,,,,,,2024-12-30
2807,562,アンヘル,あんへる,normal,12,,382,,,,,,,2024-12-30
2808,562,アンヘル,あんへる,hard,19,,652,,,,,,,2024-12-30
2809,562,アンヘル,あんへる,expert,27,,917,,,,,,,2024-12-30
2810,562,アンヘル,あんへる,master,31,,1187,,,,,,,2024-12-30
4087,562,アンヘル,あんへる,append,33,,1503,,,,,,,2024-12-30
2816,564,そこに在る、光。,そこにあるひかり,easy,6,,227,,,,,,,2025-01-28
2817,564,そこに在る、光。,そこにあるひかり,normal,12,,228,,,,,,,2025-01-28
2818,564,そこに在る、光。,そこにあるひかり,hard,16,,301,,,,,,,2025-01-28
2819,564,そこに在る、光。,そこにあるひかり,expert,22,,403,,,,,,,2025-01-28
2820,564,そこに在る、光。,そこにあるひかり,master,27,,408,,,,,,,2025-01-28
2821,565,夏に透明,なつにとうめい,easy,6,,151,,,,,,,2025-01-21
2822,565,夏に透明,なつにとうめい,normal,13,,288,,,,,,,2025-01-21
2823,565,夏に透明,なつにとうめい,hard,17,,553,,,,,,,2025-01-21
2824,565,夏に透明,なつにとうめい,expert,24,,691,,,,,,,2025-01-21
2825,565,夏に透明,なつにとうめい,master,28,,788,,,,,,,2025-01-21
2826,566,パンダヒーロー,ぱんだひーろー,easy,8,,204,,,,,,,2025-01-22
2827,566,パンダヒーロー,ぱんだひーろー,normal,13,,317,,,,,,,2025-01-22
2828,566,パンダヒーロー,ぱんだひーろー,hard,18,,738,,,,,,,2025-01-22
2829,566,パンダヒーロー,ぱんだひーろー,expert,24,,820,,,,,,,2025-01-22
2830,566,パンダヒーロー,ぱんだひーろー,master,30,,1003,,,,,,,2025-01-22
2831,567,結ンデ開イテ羅刹ト骸,むすんでひらいてらせつとむくろ,easy,7,,330,,,,,,,2025-01-23
2832,567,結ンデ開イテ羅刹ト骸,むすんでひらいてらせつとむくろ,normal,13,,502,,,,,,,2025-01-23
2833,567,結ンデ開イテ羅刹ト骸,むすんでひらいてらせつとむくろ,hard,18,,656,,,,,,,2025-01-23
2834,567,結ンデ開イテ羅刹ト骸,むすんでひらいてらせつとむくろ,expert,24,,826,,,,,,,2025-01-23
2835,567,結ンデ開イテ羅刹ト骸,むすんでひらいてらせつとむくろ,master,29,,903,,,,,,,2025-01-23
2841,569,シークレット・シーカー,しーくれっと・しーかー,easy,8,,262,,,,,,,2024-12-16
2842,569,シークレット・シーカー,しーくれっと・しーかー,normal,13,,474,,,,,,,2024-12-16
2843,569,シークレット・シーカー,しーくれっと・しーかー,hard,18,,672,,,,,,,2024-12-16
2844,569,シークレット・シーカー,しーくれっと・しーかー,expert,26,,894,,,,,,,2024-12-16
2845,569,シークレット・シーカー,しーくれっと・しーかー,master,30,,1019,,,,,,,2024-12-16
2846,570,スター,すたー,easy,7,,148,,,,,,,2025-10-19
2847,570,スター,すたー,normal,12,,296,,,,,,,2025-10-19
2848,570,スター,すたー,hard,18,,567,,,,,,,2025-10-19
2849,570,スター,すたー,expert,25,,799,,,,,,,2025-10-19
2850,570,スター,すたー,master,29,,889,,,,,,,2025-10-19
2851,571,偽物人間40号,にせものにんげんよんじゅうごう,easy,5,,220,,,,,,,2025-09-24
2852,571,偽物人間40号,にせものにんげんよんじゅうごう,normal,12,,307,,,,,,,2025-09-24
2853,571,偽物人間40号,にせものにんげんよんじゅうごう,hard,17,,454,,,,,,,2025-09-24
2854,571,偽物人間40号,にせものにんげんよんじゅうごう,expert,25,,775,,,,,,,2025-09-24
2855,571,偽物人間40号,にせものにんげんよんじゅうごう,master,29,,823,,,,,,,2025-09-24
2856,572,飾って,かざって,easy,5,,122,,,,,,,2025-08-28
2857,572,飾って,かざって,normal,10,,199,,,,,,,2025-08-28
2858,572,飾って,かざって,hard,16,,349,,,,,,,2025-08-28
2859,572,飾って,かざって,expert,22,,515,,,,,,,2025-08-28
2860,572,飾って,かざって,master,27,,520,,,,,,,2025-08-28
2861,573,はじまりの未来,はじまりのみらい,easy,7,,357,,,,,,,2024-12-28
2862,573,はじまりの未来,はじまりのみらい,normal,12,,439,,,,,,,2024-12-28
2863,573,はじまりの未来,はじまりのみらい,hard,17,,758,,,,,,,2024-12-28
2864,573,はじまりの未来,はじまりのみらい,expert,24,,972,,,,,,,2024-12-28
2865,573,はじまりの未来,はじまりのみらい,master,28,,1111,,,,,,,2024-12-28
2866,574,SToRY,すとーりー,easy,8,,246,,,,,,,2025-02-06
2867,574,SToRY,すとーりー,normal,13,,334,,,,,,,2025-02-06
2868,574,SToRY,すとーりー,hard,18,,557,,,,,,,2025-02-06
2869,574,SToRY,すとーりー,expert,25,,705,,,,,,,2025-02-06
2870,574,SToRY,すとーりー,master,29,,784,,,,,,,2025-02-06
2871,575,FUN!!,ふぁん,easy,8,,155,,,,,,,2025-01-31
2872,575,FUN!!,ふぁん,normal,13,,322,,,,,,,2025-01-31
2873,575,FUN!!,ふぁん,hard,17,,476,,,,,,,2025-01-31
2874,575,FUN!!,ふぁん,expert,25,,622,,,,,,,2025-01-31
2875,575,FUN!!,ふぁん,master,29,,744,,,,,,,2025-01-31
2876,576,ファイアダンス,ふぁいあだんす,easy,6,,136,,,,,,,2025-01-25
2877,576,ファイアダンス,ふぁいあだんす,normal,12,,252,,,,,,,2025-01-25
2878,576,ファイアダンス,ふぁいあだんす,hard,18,,483,,,,,,,2025-01-25
2879,576,ファイアダンス,ふぁいあだんす,expert,25,,606,,,,,,,2025-01-25
2880,576,ファイアダンス,ふぁいあだんす,master,29,,680,,,,,,,2025-01-25
2881,577,スマイル*シンフォニー,すまいるしんふぉにー,easy,5,,121,,,,,,,2025-02-03
2882,577,スマイル*シンフォニー,すまいるしんふぉにー,normal,12,,216,,,,,,,2025-02-03
2883,577,スマイル*シンフォニー,すまいるしんふぉにー,hard,17,,360,,,,,,,2025-02-03
2884,577,スマイル*シンフォニー,すまいるしんふぉにー,expert,24,,594,,,,,,,2025-02-03
2885,577,スマイル*シンフォニー,すまいるしんふぉにー,master,28,,667,,,,,,,2025-02-03
2886,578,ハローセカイ,はろーせかい,easy,7,,187,,,,,,,2025-02-08
2887,578,ハローセカイ,はろーせかい,normal,12,,320,,,,,,,2025-02-08
2888,578,ハローセカイ,はろーせかい,hard,17,,451,,,,,,,2025-02-08
2889,578,ハローセカイ,はろーせかい,expert,24,,621,,,,,,,2025-02-08
2890,578,ハローセカイ,はろーせかい,master,28,,759,,,,,,,2025-02-08
2891,579,Worlders,わーるだーず,easy,7,,246,,,,,,,2025-01-29
2892,579,Worlders,わーるだーず,normal,13,,329,,,,,,,2025-01-29
2893,579,Worlders,わーるだーず,hard,18,,794,,,,,,,2025-01-29
2894,579,Worlders,わーるだーず,expert,24,,924,,,,,,,2025-01-29
2895,579,Worlders,わーるだーず,master,28,,1060,,,,,,,2025-01-29
2896,580,三日月ステップ,みかづきすてっぷ,easy,7,,186,,,,,,,2025-03-03
2897,580,三日月ステップ,みかづきすてっぷ,normal,12,,325,,,,,,,2025-03-03
2898,580,三日月ステップ,みかづきすてっぷ,hard,17,,547,,,,,,,2025-03-03
2899,580,三日月ステップ,みかづきすてっぷ,expert,25,,891,,,,,,,2025-03-03
2900,580,三日月ステップ,みかづきすてっぷ,master,28,,969,,,,,,,2025-03-03
2901,581,厨病激発ボーイ,ちゅうびょうげきはつぼーい,easy,9,,284,,,,,,,2025-01-14
2902,581,厨病激発ボーイ,ちゅうびょうげきはつぼーい,normal,13,,438,,,,,,,2025-01-14
2903,581,厨病激発ボーイ,ちゅうびょうげきはつぼーい,hard,19,,730,,,,,,,2025-01-14
2904,581,厨病激発ボーイ,ちゅうびょうげきはつぼーい,expert,27,,1118,,,,,,,2025-01-14
2905,581,厨病激発ボーイ,ちゅうびょうげきはつぼーい,master,32,,1355,,,,,,,2025-01-14
2906,582,アンチユー,あんちゆー,easy,6,,192,,,,,,,2025-02-10
2907,582,アンチユー,あんちゆー,normal,12,,247,,,,,,,2025-02-10
2908,582,アンチユー,あんちゆー,hard,17,,453,,,,,,,2025-02-10
2909,582,アンチユー,あんちゆー,expert,24,,610,,,,,,,2025-02-10
2910,582,アンチユー,あんちゆー,master,28,,820,,,,,,,2025-02-10
2911,583,アクセラレイト,あくせられいと,easy,7,,150,,,,,,,2025-08-06
2912,583,アクセラレイト,あくせられいと,normal,13,,321,,,,,,,2025-08-06
2913,583,アクセラレイト,あくせられいと,hard,18,,637,,,,,,,2025-08-06
2914,583,アクセラレイト,あくせられいと,expert,26,,810,,,,,,,2025-08-06
2915,583,アクセラレイト,あくせられいと,master,31,,917,,,,,,,2025-08-06
4121,583,アクセラレイト,あくせられいと,append,32,,1126,,,,,,,2025-08-06
2916,584,IMAWANOKIWA,いまわのきわ,easy,9,,370,,,,,,,2025-11-22
2917,584,IMAWANOKIWA,いまわのきわ,normal,13,,400,,,,,,,2025-11-22
2918,584,IMAWANOKIWA,いまわのきわ,hard,20,,925,,,,,,,2025-11-22
2919,584,IMAWANOKIWA,いまわのきわ,expert,28,,1256,,,,,,,2025-11-22
2920,584,IMAWANOKIWA,いまわのきわ,master,32,,1423,,,,,,,2025-11-22
4131,584,IMAWANOKIWA,いまわのきわ,append,35,,1949,,,,,,,2025-11-22
2921,585,ペンタトニック,ぺんたとにっく,easy,7,,260,,,,,,,2025-09-29
2922,585,ペンタトニック,ぺんたとにっく,normal,14,,289,,,,,,,2025-09-29
2923,585,ペンタトニック,ぺんたとにっく,hard,18,,503,,,,,,,2025-09-29
2924,585,ペンタトニック,ぺんたとにっく,expert,25,,733,,,,,,,2025-09-29
2925,585,ペンタトニック,ぺんたとにっく,master,30,,1103,,,,,,,2025-09-29
4130,585,ペンタトニック,ぺんたとにっく,append,31,,1288,,,,,,,2025-09-29
2926,586,ヤンキーボーイ・ヤンキーガール,やんきーぼーいやんきーがーる,easy,6,,191,,,,,,,2025-12-31
2927,586,ヤンキーボーイ・ヤンキーガール,やんきーぼーいやんきーがーる,normal,13,,299,,,,,,,2025-12-31
2928,586,ヤンキーボーイ・ヤンキーガール,やんきーぼーいやんきーがーる,hard,18,,575,,,,,,,2025-12-31
2929,586,ヤンキーボーイ・ヤンキーガール,やんきーぼーいやんきーがーる,expert,25,,903,,,,,,,2025-12-31
2930,586,ヤンキーボーイ・ヤンキーガール,やんきーぼーいやんきーがーる,master,31,,1087,,,,,,,2025-12-31
2931,587,ルルブ,るるぶ,easy,9,,271,,,,,,,2025-02-12
2932,587,ルルブ,るるぶ,normal,14,,480,,,,,,,2025-02-12
2933,587,ルルブ,るるぶ,hard,18,,850,,,,,,,2025-02-12
2934,587,ルルブ,るるぶ,expert,27,,1143,,,,,,,2025-02-12
2935,587,ルルブ,るるぶ,master,31,,1296,,,,,,,2025-02-12
2936,588,プラネットヒーロー,ぷらねっとひーろー,easy,9,,385,,,,,,,2025-03-14
2937,588,プラネットヒーロー,ぷらねっとひーろー,normal,13,,519,,,,,,,2025-03-14
2938,588,プラネットヒーロー,ぷらねっとひーろー,hard,19,,893,,,,,,,2025-03-14
2939,588,プラネットヒーロー,ぷらねっとひーろー,expert,28,,1128,,,,,,,2025-03-14
2940,588,プラネットヒーロー,ぷらねっとひーろー,master,33,,1467,,,,,,,2025-03-14
2941,589,バレリーコ,ばれりーこ,easy,7,,196,,,,,,,2025-04-05
2942,589,バレリーコ,ばれりーこ,normal,13,,471,,,,,,,2025-04-05
2943,589,バレリーコ,ばれりーこ,hard,17,,711,,,,,,,2025-04-05
2944,589,バレリーコ,ばれりーこ,expert,25,,965,,,,,,,2025-04-05
2945,589,バレリーコ,ばれりーこ,master,29,,1115,,,,,,,2025-04-05
2946,590,マンハッタン,まんはったん,easy,6,,255,,,,,,,2025-04-03
2947,590,マンハッタン,まんはったん,normal,14,,463,,,,,,,2025-04-03
2948,590,マンハッタン,まんはったん,hard,18,,709,,,,,,,2025-04-03
2949,590,マンハッタン,まんはったん,expert,27,,901,,,,,,,2025-04-03
2950,590,マンハッタン,まんはったん,master,32,,1247,,,,,,,2025-04-03
2951,591,吉原ラメント 再来盤,よしわららめんと さいらいばん,easy,8,,282,,,,,,,2025-04-02
2952,591,吉原ラメント 再来盤,よしわららめんと さいらいばん,normal,13,,498,,,,,,,2025-04-02
2953,591,吉原ラメント 再来盤,よしわららめんと さいらいばん,hard,17,,862,,,,,,,2025-04-02
2954,591,吉原ラメント 再来盤,よしわららめんと さいらいばん,expert,25,,1135,,,,,,,2025-04-02
2955,591,吉原ラメント 再来盤,よしわららめんと さいらいばん,master,29,,1108,,,,,,,2025-04-02
2956,592,クイーンオブハート,くいーんおぶはーと,easy,9,,385,,,,,,,2025-04-04
2957,592,クイーンオブハート,くいーんおぶはーと,normal,13,,582,,,,,,,2025-04-04
2958,592,クイーンオブハート,くいーんおぶはーと,hard,17,,875,,,,,,,2025-04-04
2959,592,クイーンオブハート,くいーんおぶはーと,expert,25,,1189,,,,,,,2025-04-04
2960,592,クイーンオブハート,くいーんおぶはーと,master,31,,1212,,,,,,,2025-04-04
2961,593,クリスタルスノウ,くりすたるすのう,easy,6,,249,,,,,,,2025-02-08
2962,593,クリスタルスノウ,くりすたるすのう,normal,12,,278,,,,,,,2025-02-08
2963,593,クリスタルスノウ,くりすたるすのう,hard,17,,507,,,,,,,2025-02-08
2964,593,クリスタルスノウ,くりすたるすのう,expert,23,,694,,,,,,,2025-02-08
2965,593,クリスタルスノウ,くりすたるすのう,master,26,,773,,,,,,,2025-02-08
2966,594,Call!!,こーる,easy,5,,115,,,,,,,2025-03-31
2967,594,Call!!,こーる,normal,12,,260,,,,,,,2025-03-31
2968,594,Call!!,こーる,hard,17,,413,,,,,,,2025-03-31
2969,594,Call!!,こーる,expert,25,,549,,,,,,,2025-03-31
2970,594,Call!!,こーる,master,28,,765,,,,,,,2025-03-31
2971,595,エンヴィキャットウォーク,えんヴぃきゃっとうぉーく,easy,8,,222,,,,,,,2025-05-26
2972,595,エンヴィキャットウォーク,えんヴぃきゃっとうぉーく,normal,12,,363,,,,,,,2025-05-26
2973,595,エンヴィキャットウォーク,えんヴぃきゃっとうぉーく,hard,18,,806,,,,,,,2025-05-26
2974,595,エンヴィキャットウォーク,えんヴぃきゃっとうぉーく,expert,26,,932,,,,,,,2025-05-26
2975,595,エンヴィキャットウォーク,えんヴぃきゃっとうぉーく,master,30,,1222,,,,,,,2025-05-26
2976,596,D/N/A,でぃー・えぬ・えー,easy,7,,310,,,,,,,2025-03-20
2977,596,D/N/A,でぃー・えぬ・えー,normal,12,,417,,,,,,,2025-03-20
2978,596,D/N/A,でぃー・えぬ・えー,hard,18,,740,,,,,,,2025-03-20
2979,596,D/N/A,でぃー・えぬ・えー,expert,26,,913,,,,,,,2025-03-20
2980,596,D/N/A,でぃー・えぬ・えー,master,31,,1276,,,,,,,2025-03-20
2981,597,その絵の名前は,そのえのなまえは,easy,5,,118,,,,,,,2025-11-08
2982,597,その絵の名前は,そのえのなまえは,normal,11,,232,,,,,,,2025-11-08
2983,597,その絵の名前は,そのえのなまえは,hard,15,,377,,,,,,,2025-11-08
2984,597,その絵の名前は,そのえのなまえは,expert,22,,514,,,,,,,2025-11-08
2985,597,その絵の名前は,そのえのなまえは,master,26,,555,,,,,,,2025-11-08
2996,600,征け,ゆけ,easy,7,,142,,,,,,,2025-11-17
2997,600,征け,ゆけ,normal,12,,303,,,,,,,2025-11-17
2998,600,征け,ゆけ,hard,17,,509,,,,,,,2025-11-17
2999,600,征け,ゆけ,expert,23,,701,,,,,,,2025-11-17
3000,600,征け,ゆけ,master,28,,825,,,,,,,2025-11-17
3001,601,ルマ,るま,easy,7,,206,,,,,,,2025-11-04
3002,601,ルマ,るま,normal,12,,368,,,,,,,2025-11-04
3003,601,ルマ,るま,hard,18,,577,,,,,,,2025-11-04
3004,601,ルマ,るま,expert,26,,899,,,,,,,2025-11-04
3005,601,ルマ,るま,master,30,,1143,,,,,,,2025-11-04
3011,603,ドレミファロンド,どれみふぁろんど,easy,6,,189,,,,,,,2025-03-24
3012,603,ドレミファロンド,どれみふぁろんど,normal,12,,331,,,,,,,2025-03-24
3013,603,ドレミファロンド,どれみふぁろんど,hard,17,,543,,,,,,,2025-03-24
3014,603,ドレミファロンド,どれみふぁろんど,expert,23,,690,,,,,,,2025-03-24
3015,603,ドレミファロンド,どれみふぁろんど,master,27,,961,,,,,,,2025-03-24
3016,604,Packaged,ぱっけーじど,easy,6,,239,,,,,,,2025-03-09
3017,604,Packaged,ぱっけーじど,normal,12,,439,,,,,,,2025-03-09
3018,604,Packaged,ぱっけーじど,hard,16,,539,,,,,,,2025-03-09
3019,604,Packaged,ぱっけーじど,expert,22,,739,,,,,,,2025-03-09
3020,604,Packaged,ぱっけーじど,master,26,,839,,,,,,,2025-03-09
3021,605,Sympathy,しんぱしー,easy,8,,272,,,,,,,2025-03-30
3022,605,Sympathy,しんぱしー,normal,13,,349,,,,,,,2025-03-30
3023,605,Sympathy,しんぱしー,hard,17,,582,,,,,,,2025-03-30
3024,605,Sympathy,しんぱしー,expert,24,,723,,,,,,,2025-03-30
3025,605,Sympathy,しんぱしー,master,28,,860,,,,,,,2025-03-30
4101,605,Sympathy,しんぱしー,append,29,,1043,,,,,,,2025-03-30
3026,606,スーサイドパレヱド,すーさいどぱれえど,easy,8,,284,,,,,,,2025-04-14
3027,606,スーサイドパレヱド,すーさいどぱれえど,normal,13,,336,,,,,,,2025-04-14
3028,606,スーサイドパレヱド,すーさいどぱれえど,hard,19,,615,,,,,,,2025-04-14
3029,606,スーサイドパレヱド,すーさいどぱれえど,expert,26,,918,,,,,,,2025-04-14
3030,606,スーサイドパレヱド,すーさいどぱれえど,master,31,,1063,,,,,,,2025-04-14
4102,606,スーサイドパレヱド,すーさいどぱれえど,append,32,,1493,,,,,,,2025-04-14
3031,607,回る空うさぎ,まわるそらうさぎ,easy,5,,181,,,,,,,2025-04-22
3032,607,回る空うさぎ,まわるそらうさぎ,normal,12,,274,,,,,,,2025-04-22
3033,607,回る空うさぎ,まわるそらうさぎ,hard,16,,402,,,,,,,2025-04-22
3034,607,回る空うさぎ,まわるそらうさぎ,expert,21,,607,,,,,,,2025-04-22
3035,607,回る空うさぎ,まわるそらうさぎ,master,26,,607,,,,,,,2025-04-22
3036,608,星宙メランコリア,ほしぞらめらんこりあ,easy,8,,356,,,,,,,2025-04-18
3037,608,星宙メランコリア,ほしぞらめらんこりあ,normal,13,,632,,,,,,,2025-04-18
3038,608,星宙メランコリア,ほしぞらめらんこりあ,hard,18,,647,,,,,,,2025-04-18
3039,608,星宙メランコリア,ほしぞらめらんこりあ,expert,26,,1004,,,,,,,2025-04-18
3040,608,星宙メランコリア,ほしぞらめらんこりあ,master,30,,1166,,,,,,,2025-04-18
3046,610,Polar Star,ぽーらーすたー,easy,8,,274,,,,,,,2025-12-29
3047,610,Polar Star,ぽーらーすたー,normal,13,,404,,,,,,,2025-12-29
3048,610,Polar Star,ぽーらーすたー,hard,16,,503,,,,,,,2025-12-29
3049,610,Polar Star,ぽーらーすたー,expert,24,,697,,,,,,,2025-12-29
3050,610,Polar Star,ぽーらーすたー,master,31,,1106,,,,,,,2025-12-29
3051,611,好き！雪！本気マジック,すきゆきまじまじっく,easy,7,,290,,,,,,,2026-01-31
3052,611,好き！雪！本気マジック,すきゆきまじまじっく,normal,13,,349,,,,,,,2026-01-31
3053,611,好き！雪！本気マジック,すきゆきまじまじっく,hard,18,,640,,,,,,,2026-01-31
3054,611,好き！雪！本気マジック,すきゆきまじまじっく,expert,25,,828,,,,,,,2026-01-31
3055,611,好き！雪！本気マジック,すきゆきまじまじっく,master,29,,1060,,,,,,,2026-01-31
3056,612,Snow Fairy Story,すのうふぇありーすとーりー,easy,6,,195,,,,,,,2026-02-01
3057,612,Snow Fairy Story,すのうふぇありーすとーりー,normal,13,,391,,,,,,,2026-02-01
3058,612,Snow Fairy Story,すのうふぇありーすとーりー,hard,17,,603,,,,,,,2026-02-01
3059,612,Snow Fairy Story,すのうふぇありーすとーりー,expert,24,,912,,,,,,,2026-02-01
3060,612,Snow Fairy Story,すのうふぇありーすとーりー,master,28,,902,,,,,,,2026-02-01
3061,613,雪がとける前に,ゆきがとけるまえに,easy,7,,197,,,,,,,2026-02-02
3062,613,雪がとける前に,ゆきがとけるまえに,normal,12,,287,,,,,,,2026-02-02
3063,613,雪がとける前に,ゆきがとけるまえに,hard,18,,473,,,,,,,2026-02-02
3064,613,雪がとける前に,ゆきがとけるまえに,expert,23,,618,,,,,,,2026-02-02
3065,613,雪がとける前に,ゆきがとけるまえに,master,28,,773,,,,,,,2026-02-02
3066,614,スターナイトスノウ,すたーないとすのう,easy,8,,237,,,,,,,2026-02-03
3067,614,スターナイトスノウ,すたーないとすのう,normal,14,,398,,,,,,,2026-02-03
3068,614,スターナイトスノウ,すたーないとすのう,hard,18,,643,,,,,,,2026-02-03
3069,614,スターナイトスノウ,すたーないとすのう,expert,25,,859,,,,,,,2026-02-03
3070,614,スターナイトスノウ,すたーないとすのう,master,29,,914,,,,,,,2026-02-03
3071,615,四角い地球を丸くする,しかくいちきゅうをまるくする,easy,6,,271,,,,,,,2026-02-04
3072,615,四角い地球を丸くする,しかくいちきゅうをまるくする,normal,12,,351,,,,,,,2026-02-04
3073,615,四角い地球を丸くする,しかくいちきゅうをまるくする,hard,18,,655,,,,,,,2026-02-04
3074,615,四角い地球を丸くする,しかくいちきゅうをまるくする,expert,24,,950,,,,,,,2026-02-04
3075,615,四角い地球を丸くする,しかくいちきゅうをまるくする,master,28,,1097,,,,,,,2026-02-04
3076,616,アイ,あい,easy,9,,269,,,,,,,2026-02-05
3077,616,アイ,あい,normal,14,,342,,,,,,,2026-02-05
3078,616,アイ,あい,hard,17,,537,,,,,,,2026-02-05
3079,616,アイ,あい,expert,25,,821,,,,,,,2026-02-05
3080,616,アイ,あい,master,29,,959,,,,,,,2026-02-05
3081,617,ぽかぽかの星,ぽかぽかのほし,easy,6,,171,,,,,,,2026-02-06
3082,617,ぽかぽかの星,ぽかぽかのほし,normal,13,,341,,,,,,,2026-02-06
3083,617,ぽかぽかの星,ぽかぽかのほし,hard,16,,562,,,,,,,2026-02-06
3084,617,ぽかぽかの星,ぽかぽかのほし,expert,23,,783,,,,,,,2026-02-06
3085,617,ぽかぽかの星,ぽかぽかのほし,master,27,,903,,,,,,,2026-02-06
3086,618,Fondant Step,ふぉんだんすてっぷ,easy,6,,253,,,,,,,2026-02-07
3087,618,Fondant Step,ふぉんだんすてっぷ,normal,12,,322,,,,,,,2026-02-07
3088,618,Fondant Step,ふぉんだんすてっぷ,hard,16,,532,,,,,,,2026-02-07
3089,618,Fondant Step,ふぉんだんすてっぷ,expert,23,,679,,,,,,,2026-02-07
3090,618,Fondant Step,ふぉんだんすてっぷ,master,26,,904,,,,,,,2026-02-07
3091,619,Connecting,こねくてぃんぐ,easy,6,,186,,,,,,,2025-05-23
3092,619,Connecting,こねくてぃんぐ,normal,12,,279,,,,,,,2025-05-23
3093,619,Connecting,こねくてぃんぐ,hard,16,,482,,,,,,,2025-05-23
3094,619,Connecting,こねくてぃんぐ,expert,23,,616,,,,,,,2025-05-23
3095,619,Connecting,こねくてぃんぐ,master,27,,792,,,,,,,2025-05-23
3096,620,紗痲,しゃま,easy,8,,275,,,,,,,2025-05-09
3097,620,紗痲,しゃま,normal,13,,360,,,,,,,2025-05-09
3098,620,紗痲,しゃま,hard,18,,761,,,,,,,2025-05-09
3099,620,紗痲,しゃま,expert,26,,1088,,,,,,,2025-05-09
3100,620,紗痲,しゃま,master,30,,1192,,,,,,,2025-05-09
3101,621,東京サマーセッション,とうきょうさまーせっしょん,easy,8,,290,,,,,,,2025-10-03
3102,621,東京サマーセッション,とうきょうさまーせっしょん,normal,13,,399,,,,,,,2025-10-03
3103,621,東京サマーセッション,とうきょうさまーせっしょん,hard,18,,781,,,,,,,2025-10-03
3104,621,東京サマーセッション,とうきょうさまーせっしょん,expert,24,,892,,,,,,,2025-10-03
3105,621,東京サマーセッション,とうきょうさまーせっしょん,master,30,,1073,,,,,,,2025-10-03
3106,622,超ナイト・オブ・ナイツ,ちょうないと・おぶ・ないつ,easy,8,,383,,,,,,,2025-05-05
3107,622,超ナイト・オブ・ナイツ,ちょうないと・おぶ・ないつ,normal,13,,446,,,,,,,2025-05-05
3108,622,超ナイト・オブ・ナイツ,ちょうないと・おぶ・ないつ,hard,20,,813,,,,,,,2025-05-05
3109,622,超ナイト・オブ・ナイツ,ちょうないと・おぶ・ないつ,expert,27,,1201,,,,,,,2025-05-05
3110,622,超ナイト・オブ・ナイツ,ちょうないと・おぶ・ないつ,master,33,,1403,,,,,,,2025-05-05
4107,622,超ナイト・オブ・ナイツ,ちょうないと・おぶ・ないつ,append,36,,1782,,,,,,,2025-05-05
3111,623,とうほう☆ワンダーランド,とうほうわんだーらんど,easy,9,,265,,,,,,,2025-05-04
3112,623,とうほう☆ワンダーランド,とうほうわんだーらんど,normal,13,,345,,,,,,,2025-05-04
3113,623,とうほう☆ワンダーランド,とうほうわんだーらんど,hard,18,,552,,,,,,,2025-05-04
3114,623,とうほう☆ワンダーランド,とうほうわんだーらんど,expert,26,,806,,,,,,,2025-05-04
3115,623,とうほう☆ワンダーランド,とうほうわんだーらんど,master,31,,1086,,,,,,,2025-05-04
4108,623,とうほう☆ワンダーランド,とうほうわんだーらんど,append,32,,1488,,,,,,,2025-05-04
3116,624,チルノのパーフェクトさんすう学園,ちるののぱーふぇくとさんすうがくえん,easy,9,,199,,,,,,,2025-05-03
3117,624,チルノのパーフェクトさんすう学園,ちるののぱーふぇくとさんすうがくえん,normal,13,,399,,,,,,,2025-05-03
3118,624,チルノのパーフェクトさんすう学園,ちるののぱーふぇくとさんすうがくえん,hard,18,,699,,,,,,,2025-05-03
3119,624,チルノのパーフェクトさんすう学園,ちるののぱーふぇくとさんすうがくえん,expert,26,,999,,,,,,,2025-05-03
3120,624,チルノのパーフェクトさんすう学園,ちるののぱーふぇくとさんすうがくえん,master,31,,1199,,,,,,,2025-05-03
4109,624,チルノのパーフェクトさんすう学園,ちるののぱーふぇくとさんすうがくえん,append,33,,1599,,,,,,,2025-05-03
3121,625,このふざけた素晴らしき世界は、僕の為にある,このふざけたすばらしきせかいはぼくのためにある,easy,7,,236,,,,,,,2025-06-09
3122,625,このふざけた素晴らしき世界は、僕の為にある,このふざけたすばらしきせかいはぼくのためにある,normal,14,,397,,,,,,,2025-06-09
3123,625,このふざけた素晴らしき世界は、僕の為にある,このふざけたすばらしきせかいはぼくのためにある,hard,17,,721,,,,,,,2025-06-09
3124,625,このふざけた素晴らしき世界は、僕の為にある,このふざけたすばらしきせかいはぼくのためにある,expert,25,,946,,,,,,,2025-06-09
3125,625,このふざけた素晴らしき世界は、僕の為にある,このふざけたすばらしきせかいはぼくのためにある,master,29,,1093,,,,,,,2025-06-09
3126,626,フィッシュアンドTips,ふぃっしゅあんどちっぷす,easy,7,,202,,,,,,,2025-05-19
3127,626,フィッシュアンドTips,ふぃっしゅあんどちっぷす,normal,13,,415,,,,,,,2025-05-19
3128,626,フィッシュアンドTips,ふぃっしゅあんどちっぷす,hard,19,,603,,,,,,,2025-05-19
3129,626,フィッシュアンドTips,ふぃっしゅあんどちっぷす,expert,26,,833,,,,,,,2025-05-19
3130,626,フィッシュアンドTips,ふぃっしゅあんどちっぷす,master,30,,1052,,,,,,,2025-05-19
3131,627,テトリス,てとりす,easy,7,,169,,,,,,,2025-06-02
3132,627,テトリス,てとりす,normal,13,,288,,,,,,,2025-06-02
3133,627,テトリス,てとりす,hard,19,,481,,,,,,,2025-06-02
3134,627,テトリス,てとりす,expert,25,,653,,,,,,,2025-06-02
3135,627,テトリス,てとりす,master,29,,814,,,,,,,2025-06-02
4114,627,テトリス,てとりす,append,29,,938,,,,,,,2025-06-02
3136,628,モニタリング,もにたりんぐ,easy,8,,223,,,,,,,2025-06-16
3137,628,モニタリング,もにたりんぐ,normal,13,,342,,,,,,,2025-06-16
3138,628,モニタリング,もにたりんぐ,hard,18,,738,,,,,,,2025-06-16
3139,628,モニタリング,もにたりんぐ,expert,26,,901,,,,,,,2025-06-16
3140,628,モニタリング,もにたりんぐ,master,29,,973,,,,,,,2025-06-16
3141,629,8.32,はってんさんにー,easy,5,,188,,,,,,,2025-09-01
3142,629,8.32,はってんさんにー,normal,12,,337,,,,,,,2025-09-01
3143,629,8.32,はってんさんにー,hard,17,,476,,,,,,,2025-09-01
3144,629,8.32,はってんさんにー,expert,24,,659,,,,,,,2025-09-01
3145,629,8.32,はってんさんにー,master,28,,832,,,,,,,2025-09-01
3146,630,幸福刑,こうふくけい,easy,6,,202,,,,,,,2026-01-19
3147,630,幸福刑,こうふくけい,normal,12,,327,,,,,,,2026-01-19
3148,630,幸福刑,こうふくけい,hard,17,,533,,,,,,,2026-01-19
3149,630,幸福刑,こうふくけい,expert,23,,773,,,,,,,2026-01-19
3150,630,幸福刑,こうふくけい,master,28,,907,,,,,,,2026-01-19
3151,631,天才ロック,てんさいろっく,easy,8,,360,,,,,,,2026-07-01
3152,631,天才ロック,てんさいろっく,normal,13,,470,,,,,,,2026-07-01
3153,631,天才ロック,てんさいろっく,hard,18,,816,,,,,,,2026-07-01
3154,631,天才ロック,てんさいろっく,expert,27,,1148,,,,,,,2026-07-01
3155,631,天才ロック,てんさいろっく,master,30,,1327,,,,,,,2026-07-01
3156,632,Surges,さーじず,easy,6,,206,,,,,,,2025-08-12
3157,632,Surges,さーじず,normal,12,,289,,,,,,,2025-08-12
3158,632,Surges,さーじず,hard,18,,535,,,,,,,2025-08-12
3159,632,Surges,さーじず,expert,26,,950,,,,,,,2025-08-12
3160,632,Surges,さーじず,master,29,,1043,,,,,,,2025-08-12
3161,633,庭師のおはなしによると,にわしのおはなしによると,easy,9,,435,,,,,,,2025-06-23
3162,633,庭師のおはなしによると,にわしのおはなしによると,normal,13,,543,,,,,,,2025-06-23
3163,633,庭師のおはなしによると,にわしのおはなしによると,hard,18,,827,,,,,,,2025-06-23
3164,633,庭師のおはなしによると,にわしのおはなしによると,expert,26,,1121,,,,,,,2025-06-23
3165,633,庭師のおはなしによると,にわしのおはなしによると,master,31,,1185,,,,,,,2025-06-23
3166,634,光線歌,こうせんか,easy,6,,154,,,,,,,2025-05-31
3167,634,光線歌,こうせんか,normal,12,,302,,,,,,,2025-05-31
3168,634,光線歌,こうせんか,hard,17,,460,,,,,,,2025-05-31
3169,634,光線歌,こうせんか,expert,24,,700,,,,,,,2025-05-31
3170,634,光線歌,こうせんか,master,28,,889,,,,,,,2025-05-31
3171,635,ありのままのストーリーを,ありのままのすとーりーを,easy,8,,178,,,,,,,2025-07-23
3172,635,ありのままのストーリーを,ありのままのすとーりーを,normal,13,,295,,,,,,,2025-07-23
3173,635,ありのままのストーリーを,ありのままのすとーりーを,hard,17,,795,,,,,,,2025-07-23
3174,635,ありのままのストーリーを,ありのままのすとーりーを,expert,24,,892,,,,,,,2025-07-23
3175,635,ありのままのストーリーを,ありのままのすとーりーを,master,28,,938,,,,,,,2025-07-23
4117,635,ありのままのストーリーを,ありのままのすとーりーを,append,28,,1178,,,,,,,2025-07-23
3176,636,エクスプロウル,えくすぷろうる,easy,7,,283,,,,,,,2025-07-18
3177,636,エクスプロウル,えくすぷろうる,normal,12,,367,,,,,,,2025-07-18
3178,636,エクスプロウル,えくすぷろうる,hard,19,,762,,,,,,,2025-07-18
3179,636,エクスプロウル,えくすぷろうる,expert,26,,1024,,,,,,,2025-07-18
3180,636,エクスプロウル,えくすぷろうる,master,30,,1102,,,,,,,2025-07-18
3181,637,笑えたらえーやん！,わらえたらえーやん,easy,8,,332,,,,,,,2025-07-07
3182,637,笑えたらえーやん！,わらえたらえーやん,normal,13,,365,,,,,,,2025-07-07
3183,637,笑えたらえーやん！,わらえたらえーやん,hard,17,,542,,,,,,,2025-07-07
3184,637,笑えたらえーやん！,わらえたらえーやん,expert,25,,878,,,,,,,2025-07-07
3185,637,笑えたらえーやん！,わらえたらえーやん,master,30,,1090,,,,,,,2025-07-07
3186,638,花弁、それにまつわる音声,かべんそれにまつわるおんせい,easy,6,,215,,,,,,,2025-08-02
3187,638,花弁、それにまつわる音声,かべんそれにまつわるおんせい,normal,12,,286,,,,,,,2025-08-02
3188,638,花弁、それにまつわる音声,かべんそれにまつわるおんせい,hard,17,,529,,,,,,,2025-08-02
3189,638,花弁、それにまつわる音声,かべんそれにまつわるおんせい,expert,24,,883,,,,,,,2025-08-02
3190,638,花弁、それにまつわる音声,かべんそれにまつわるおんせい,master,29,,952,,,,,,,2025-08-02
3191,639,マリオネットダンサー,まりおねっとだんさー,easy,5,,124,,,,,,,2025-08-03
3192,639,マリオネットダンサー,まりおねっとだんさー,normal,12,,301,,,,,,,2025-08-03
3193,639,マリオネットダンサー,まりおねっとだんさー,hard,18,,553,,,,,,,2025-08-03
3194,639,マリオネットダンサー,まりおねっとだんさー,expert,25,,860,,,,,,,2025-08-03
3195,639,マリオネットダンサー,まりおねっとだんさー,master,29,,1030,,,,,,,2025-08-03
3201,641,君が飛び降りるのならば,きみがとびおりるのならば,easy,9,,366,,,,,,,2026-01-05
3202,641,君が飛び降りるのならば,きみがとびおりるのならば,normal,14,,463,,,,,,,2026-01-05
3203,641,君が飛び降りるのならば,きみがとびおりるのならば,hard,17,,663,,,,,,,2026-01-05
3204,641,君が飛び降りるのならば,きみがとびおりるのならば,expert,27,,970,,,,,,,2026-01-05
3205,641,君が飛び降りるのならば,きみがとびおりるのならば,master,30,,1224,,,,,,,2026-01-05
3206,642,このまんまでいこう,このまんまでいこう,easy,8,,209,,,,,,,2026-02-17
3207,642,このまんまでいこう,このまんまでいこう,normal,12,,338,,,,,,,2026-02-17
3208,642,このまんまでいこう,このまんまでいこう,hard,17,,527,,,,,,,2026-02-17
3209,642,このまんまでいこう,このまんまでいこう,expert,25,,738,,,,,,,2026-02-17
3210,642,このまんまでいこう,このまんまでいこう,master,28,,941,,,,,,,2026-02-17
3211,643,About me,あばうとみー,easy,6,,155,,,,,,,2026-03-01
3212,643,About me,あばうとみー,normal,11,,311,,,,,,,2026-03-01
3213,643,About me,あばうとみー,hard,18,,629,,,,,,,2026-03-01
3214,643,About me,あばうとみー,expert,25,,863,,,,,,,2026-03-01
3215,643,About me,あばうとみー,master,29,,1011,,,,,,,2026-03-01
3216,644,生きる,いきる,easy,5,,181,,,,,,,2025-07-28
3217,644,生きる,いきる,normal,11,,165,,,,,,,2025-07-28
3218,644,生きる,いきる,hard,16,,379,,,,,,,2025-07-28
3219,644,生きる,いきる,expert,22,,536,,,,,,,2025-07-28
3220,644,生きる,いきる,master,27,,704,,,,,,,2025-07-28
4118,644,生きる,いきる,append,32,,1131,,,,,,,2025-07-28
3221,645,深海シティアンダーグラウンド,しんかいしてぃあんだーぐらうんど,easy,7,,312,,,,,,,2025-09-16
3222,645,深海シティアンダーグラウンド,しんかいしてぃあんだーぐらうんど,normal,14,,365,,,,,,,2025-09-16
3223,645,深海シティアンダーグラウンド,しんかいしてぃあんだーぐらうんど,hard,17,,556,,,,,,,2025-09-16
3224,645,深海シティアンダーグラウンド,しんかいしてぃあんだーぐらうんど,expert,25,,872,,,,,,,2025-09-16
3225,645,深海シティアンダーグラウンド,しんかいしてぃあんだーぐらうんど,master,29,,1162,,,,,,,2025-09-16
3226,646,透明なパレット,とうめいなぱれっと,easy,9,,280,,,,,,,2025-07-15
3227,646,透明なパレット,とうめいなぱれっと,normal,13,,467,,,,,,,2025-07-15
3228,646,透明なパレット,とうめいなぱれっと,hard,17,,703,,,,,,,2025-07-15
3229,646,透明なパレット,とうめいなぱれっと,expert,25,,852,,,,,,,2025-07-15
3230,646,透明なパレット,とうめいなぱれっと,master,29,,1027,,,,,,,2025-07-15
3231,647,SAN値直葬,さんちちょくそう,easy,8,,393,,,,,,,2025-08-22
3232,647,SAN値直葬,さんちちょくそう,normal,13,,536,,,,,,,2025-08-22
3233,647,SAN値直葬,さんちちょくそう,hard,21,,857,,,,,,,2025-08-22
3234,647,SAN値直葬,さんちちょくそう,expert,28,,1365,,,,,,,2025-08-22
3235,647,SAN値直葬,さんちちょくそう,master,33,,1821,,,,,,,2025-08-22
4123,647,SAN値直葬,さんちちょくそう,append,36,,2060,,,,,,,2025-08-22
3236,648,Life Will Change,らいふうぃるちぇんじ,easy,7,,292,,,,,,,2025-08-04
3237,648,Life Will Change,らいふうぃるちぇんじ,normal,13,,364,,,,,,,2025-08-04
3238,648,Life Will Change,らいふうぃるちぇんじ,hard,18,,636,,,,,,,2025-08-04
3239,648,Life Will Change,らいふうぃるちぇんじ,expert,26,,973,,,,,,,2025-08-04
3240,648,Life Will Change,らいふうぃるちぇんじ,master,31,,1118,,,,,,,2025-08-04
3241,649,サヨナラ天国また来て地獄,さよならてんごくまたきてじごく,easy,6,,137,,,,,,,2025-08-30
3242,649,サヨナラ天国また来て地獄,さよならてんごくまたきてじごく,normal,11,,267,,,,,,,2025-08-30
3243,649,サヨナラ天国また来て地獄,さよならてんごくまたきてじごく,hard,17,,430,,,,,,,2025-08-30
3244,649,サヨナラ天国また来て地獄,さよならてんごくまたきてじごく,expert,26,,723,,,,,,,2025-08-30
3245,649,サヨナラ天国また来て地獄,さよならてんごくまたきてじごく,master,30,,864,,,,,,,2025-08-30
3246,650,あの夏が飽和する。,あのなつがほうわする,easy,5,,204,,,,,,,2025-09-08
3247,650,あの夏が飽和する。,あのなつがほうわする,normal,12,,249,,,,,,,2025-09-08
3248,650,あの夏が飽和する。,あのなつがほうわする,hard,18,,497,,,,,,,2025-09-08
3249,650,あの夏が飽和する。,あのなつがほうわする,expert,24,,626,,,,,,,2025-09-08
3250,650,あの夏が飽和する。,あのなつがほうわする,master,28,,789,,,,,,,2025-09-08
3251,651,ホワイトハッピー,ほわいとはっぴー,easy,7,,235,,,,,,,2025-10-10
3252,651,ホワイトハッピー,ほわいとはっぴー,normal,12,,371,,,,,,,2025-10-10
3253,651,ホワイトハッピー,ほわいとはっぴー,hard,18,,617,,,,,,,2025-10-10
3254,651,ホワイトハッピー,ほわいとはっぴー,expert,26,,939,,,,,,,2025-10-10
3255,651,ホワイトハッピー,ほわいとはっぴー,master,30,,1044,,,,,,,2025-10-10
3256,652,カレシのジュード,かれしのじゅーど,easy,7,,260,,,,,,,2025-10-14
3257,652,カレシのジュード,かれしのじゅーど,normal,12,,411,,,,,,,2025-10-14
3258,652,カレシのジュード,かれしのじゅーど,hard,17,,659,,,,,,,2025-10-14
3259,652,カレシのジュード,かれしのじゅーど,expert,26,,1184,,,,,,,2025-10-14
3260,652,カレシのジュード,かれしのじゅーど,master,30,,1271,,,,,,,2025-10-14
3261,653,パメラ,ぱめら,easy,7,,246,,,,,,,2025-10-15
3262,653,パメラ,ぱめら,normal,12,,320,,,,,,,2025-10-15
3263,653,パメラ,ぱめら,hard,17,,571,,,,,,,2025-10-15
3264,653,パメラ,ぱめら,expert,25,,877,,,,,,,2025-10-15
3265,653,パメラ,ぱめら,master,30,,1039,,,,,,,2025-10-15
3266,654,ラストラス,らすとらす,easy,7,,306,,,,,,,2025-08-29
3267,654,ラストラス,らすとらす,normal,12,,443,,,,,,,2025-08-29
3268,654,ラストラス,らすとらす,hard,17,,628,,,,,,,2025-08-29
3269,654,ラストラス,らすとらす,expert,23,,769,,,,,,,2025-08-29
3270,654,ラストラス,らすとらす,master,28,,1331,,,,,,,2025-08-29
3271,655,リリィララ,りりぃらら,easy,6,,272,,,,,,,2025-08-18
3272,655,リリィララ,りりぃらら,normal,12,,335,,,,,,,2025-08-18
3273,655,リリィララ,りりぃらら,hard,17,,607,,,,,,,2025-08-18
3274,655,リリィララ,りりぃらら,expert,24,,810,,,,,,,2025-08-18
3275,655,リリィララ,りりぃらら,master,29,,903,,,,,,,2025-08-18
3276,656,ブラッドドール,ぶらっどどーる,easy,7,,265,,,,,,,2025-09-22
3277,656,ブラッドドール,ぶらっどどーる,normal,12,,370,,,,,,,2025-09-22
3278,656,ブラッドドール,ぶらっどどーる,hard,18,,581,,,,,,,2025-09-22
3279,656,ブラッドドール,ぶらっどどーる,expert,25,,795,,,,,,,2025-09-22
3280,656,ブラッドドール,ぶらっどどーる,master,30,,1058,,,,,,,2025-09-22
3286,658,上弦の月,じょうげんのつき,easy,5,,118,,,,,,,2026-01-02
3287,658,上弦の月,じょうげんのつき,normal,10,,230,,,,,,,2026-01-02
3288,658,上弦の月,じょうげんのつき,hard,17,,467,,,,,,,2026-01-02
3289,658,上弦の月,じょうげんのつき,expert,24,,599,,,,,,,2026-01-02
3290,658,上弦の月,じょうげんのつき,master,28,,791,,,,,,,2026-01-02
3291,659,あなたの空が泣くのなら,あなたのそらがなくのなら,easy,5,,190,,,,,,,2025-10-21
3292,659,あなたの空が泣くのなら,あなたのそらがなくのなら,normal,11,,275,,,,,,,2025-10-21
3293,659,あなたの空が泣くのなら,あなたのそらがなくのなら,hard,15,,355,,,,,,,2025-10-21
3294,659,あなたの空が泣くのなら,あなたのそらがなくのなら,expert,21,,478,,,,,,,2025-10-21
3295,659,あなたの空が泣くのなら,あなたのそらがなくのなら,master,25,,682,,,,,,,2025-10-21
3296,660,とびだせ！わんだぴょい,とびだせわんだぴょい,easy,6,,234,,,,,,,2026-02-19
3297,660,とびだせ！わんだぴょい,とびだせわんだぴょい,normal,13,,380,,,,,,,2026-02-19
3298,660,とびだせ！わんだぴょい,とびだせわんだぴょい,hard,17,,552,,,,,,,2026-02-19
3299,660,とびだせ！わんだぴょい,とびだせわんだぴょい,expert,24,,788,,,,,,,2026-02-19
3300,660,とびだせ！わんだぴょい,とびだせわんだぴょい,master,29,,1064,,,,,,,2026-02-19
3301,661,卑怯戦隊うろたんだー,ひきょーせんたいうろたんだー,easy,7,,217,,,,,,,2026-05-11
3302,661,卑怯戦隊うろたんだー,ひきょーせんたいうろたんだー,normal,12,,428,,,,,,,2026-05-11
3303,661,卑怯戦隊うろたんだー,ひきょーせんたいうろたんだー,hard,17,,617,,,,,,,2026-05-11
3304,661,卑怯戦隊うろたんだー,ひきょーせんたいうろたんだー,expert,24,,1025,,,,,,,2026-05-11
3305,661,卑怯戦隊うろたんだー,ひきょーせんたいうろたんだー,master,31,,1148,,,,,,,2026-05-11
3306,662,告白,こくはく,easy,5,,145,,,,,,,2026-03-28
3307,662,告白,こくはく,normal,12,,206,,,,,,,2026-03-28
3308,662,告白,こくはく,hard,16,,460,,,,,,,2026-03-28
3309,662,告白,こくはく,expert,22,,565,,,,,,,2026-03-28
3310,662,告白,こくはく,master,27,,588,,,,,,,2026-03-28
4149,662,告白,こくはく,append,27,,729,,,,,,,2026-03-28
3311,663,ヴィーナス,ヴぃーなす,easy,8,,377,,,,,,,2025-10-04
3312,663,ヴィーナス,ヴぃーなす,normal,13,,478,,,,,,,2025-10-04
3313,663,ヴィーナス,ヴぃーなす,hard,18,,779,,,,,,,2025-10-04
3314,663,ヴィーナス,ヴぃーなす,expert,26,,1124,,,,,,,2025-10-04
3315,663,ヴィーナス,ヴぃーなす,master,30,,1266,,,,,,,2025-10-04
3316,664,人マニア,ひとまにあ,easy,8,,272,,,,,,,2025-10-07
3317,664,人マニア,ひとまにあ,normal,13,,427,,,,,,,2025-10-07
3318,664,人マニア,ひとまにあ,hard,18,,686,,,,,,,2025-10-07
3319,664,人マニア,ひとまにあ,expert,26,,1000,,,,,,,2025-10-07
3320,664,人マニア,ひとまにあ,master,30,,1049,,,,,,,2025-10-07
3321,665,ロケットサイダー,ろけっとさいだー,easy,8,,258,,,,,,,2025-11-07
3322,665,ロケットサイダー,ろけっとさいだー,normal,13,,499,,,,,,,2025-11-07
3323,665,ロケットサイダー,ろけっとさいだー,hard,18,,698,,,,,,,2025-11-07
3324,665,ロケットサイダー,ろけっとさいだー,expert,26,,1110,,,,,,,2025-11-07
3325,665,ロケットサイダー,ろけっとさいだー,master,31,,1350,,,,,,,2025-11-07
3326,666,少女A,しょうじょえー,easy,8,,558,,,,,,,2025-10-02
3327,666,少女A,しょうじょえー,normal,12,,656,,,,,,,2025-10-02
3328,666,少女A,しょうじょえー,hard,17,,951,,,,,,,2025-10-02
3329,666,少女A,しょうじょえー,expert,24,,1265,,,,,,,2025-10-02
3330,666,少女A,しょうじょえー,master,30,,1312,,,,,,,2025-10-02
3331,667,㋰責任集合体,むせきにんしゅうごうたい,easy,6,,145,,,,,,,2025-10-08
3332,667,㋰責任集合体,むせきにんしゅうごうたい,normal,13,,313,,,,,,,2025-10-08
3333,667,㋰責任集合体,むせきにんしゅうごうたい,hard,17,,552,,,,,,,2025-10-08
3334,667,㋰責任集合体,むせきにんしゅうごうたい,expert,24,,762,,,,,,,2025-10-08
3335,667,㋰責任集合体,むせきにんしゅうごうたい,master,29,,937,,,,,,,2025-10-08
3336,668,ネクラチューンサーカス,ねくらちゅーんさーかす,easy,9,,385,,,,,,,2025-10-11
3337,668,ネクラチューンサーカス,ねくらちゅーんさーかす,normal,15,,644,,,,,,,2025-10-11
3338,668,ネクラチューンサーカス,ねくらちゅーんさーかす,hard,24,,1032,,,,,,,2025-10-11
3339,668,ネクラチューンサーカス,ねくらちゅーんさーかす,expert,31,,1380,,,,,,,2025-10-11
3340,668,ネクラチューンサーカス,ねくらちゅーんさーかす,master,34,,1913,,,,,,,2025-10-11
4129,668,ネクラチューンサーカス,ねくらちゅーんさーかす,append,37,,2173,,,,,,,2025-10-11
3341,669,げんてん,げんてん,easy,6,,237,,,,,,,2025-10-06
3342,669,げんてん,げんてん,normal,12,,327,,,,,,,2025-10-06
3343,669,げんてん,げんてん,hard,19,,752,,,,,,,2025-10-06
3344,669,げんてん,げんてん,expert,26,,1021,,,,,,,2025-10-06
3345,669,げんてん,げんてん,master,31,,1138,,,,,,,2025-10-06
3346,670,い〜やい〜やい〜や,い〜やい〜やい〜や,easy,6,,170,,,,,,,2025-12-15
3347,670,い〜やい〜やい〜や,い〜やい〜やい〜や,normal,13,,369,,,,,,,2025-12-15
3348,670,い〜やい〜やい〜や,い〜やい〜やい〜や,hard,17,,568,,,,,,,2025-12-15
3349,670,い〜やい〜やい〜や,い〜やい〜やい〜や,expert,24,,792,,,,,,,2025-12-15
3350,670,い〜やい〜やい〜や,い〜やい〜やい〜や,master,27,,809,,,,,,,2025-12-15
3351,671,怪獣になりたい,かいじゅうになりたい,easy,10,,500,,,,,,,2025-11-23
3352,671,怪獣になりたい,かいじゅうになりたい,normal,16,,700,,,,,,,2025-11-23
3353,671,怪獣になりたい,かいじゅうになりたい,hard,25,,1200,,,,,,,2025-11-23
3354,671,怪獣になりたい,かいじゅうになりたい,expert,32,,1600,,,,,,,2025-11-23
3355,671,怪獣になりたい,かいじゅうになりたい,master,35,,1900,,,,,,,2025-11-23
4132,671,怪獣になりたい,かいじゅうになりたい,append,38,,2800,,,,,,,2025-11-23
3356,672,ハウトゥー世界征服,はうとぅーせかいせいふく,easy,8,,327,,,,,,,2025-10-05
3357,672,ハウトゥー世界征服,はうとぅーせかいせいふく,normal,13,,354,,,,,,,2025-10-05
3358,672,ハウトゥー世界征服,はうとぅーせかいせいふく,hard,17,,704,,,,,,,2025-10-05
3359,672,ハウトゥー世界征服,はうとぅーせかいせいふく,expert,24,,803,,,,,,,2025-10-05
3360,672,ハウトゥー世界征服,はうとぅーせかいせいふく,master,29,,935,,,,,,,2025-10-05
3366,674,MASTER高難易度楽曲メドレー,ますたーこうなんいどがっきょくめどれー,master,35,,3638,,,,,,,2025-10-06
3371,675,プロセカULTIMATE楽曲メドレー,ぷろせかあるてぃめっとがっきょくめどれー,append,37,,5197,,,,,,,2025-09-30
3376,676,周年記念高難易度書き下ろし楽曲メドレー,しゅうねんきねんこうなんいどかきおろしがっきょくめどれー,append,37,,4181,,,,,,,2025-10-11
3381,677,アベリア,あべりあ,easy,8,,310,,,,,,,2025-10-27
3382,677,アベリア,あべりあ,normal,13,,488,,,,,,,2025-10-27
3383,677,アベリア,あべりあ,hard,18,,710,,,,,,,2025-10-27
3384,677,アベリア,あべりあ,expert,24,,865,,,,,,,2025-10-27
3385,677,アベリア,あべりあ,master,31,,1238,,,,,,,2025-10-27
3386,678,金時計,きんどけい,easy,7,,186,,,,,,,2025-11-12
3387,678,金時計,きんどけい,normal,12,,289,,,,,,,2025-11-12
3388,678,金時計,きんどけい,hard,19,,566,,,,,,,2025-11-12
3389,678,金時計,きんどけい,expert,24,,747,,,,,,,2025-11-12
3390,678,金時計,きんどけい,master,28,,830,,,,,,,2025-11-12
3391,679,CRASH THE PARTY,くらっしゅ ざ ぱーてぃ,easy,7,,237,,,,,,,2026-04-16
3392,679,CRASH THE PARTY,くらっしゅ ざ ぱーてぃ,normal,13,,437,,,,,,,2026-04-16
3393,679,CRASH THE PARTY,くらっしゅ ざ ぱーてぃ,hard,18,,526,,,,,,,2026-04-16
3394,679,CRASH THE PARTY,くらっしゅ ざ ぱーてぃ,expert,24,,818,,,,,,,2026-04-16
3395,679,CRASH THE PARTY,くらっしゅ ざ ぱーてぃ,master,29,,1135,,,,,,,2026-04-16
3396,680,Who?,ふー？,easy,6,,135,,,,,,,2026-04-20
3397,680,Who?,ふー？,normal,12,,257,,,,,,,2026-04-20
3398,680,Who?,ふー？,hard,17,,481,,,,,,,2026-04-20
3399,680,Who?,ふー？,expert,24,,687,,,,,,,2026-04-20
3400,680,Who?,ふー？,master,27,,847,,,,,,,2026-04-20
3401,681,星に一番近い場所,ほしにいちばんちかいばしょ,easy,9,,286,,,,,,,2026-05-06
3402,681,星に一番近い場所,ほしにいちばんちかいばしょ,normal,12,,369,,,,,,,2026-05-06
3403,681,星に一番近い場所,ほしにいちばんちかいばしょ,hard,17,,715,,,,,,,2026-05-06
3404,681,星に一番近い場所,ほしにいちばんちかいばしょ,expert,25,,964,,,,,,,2026-05-06
3405,681,星に一番近い場所,ほしにいちばんちかいばしょ,master,28,,1073,,,,,,,2026-05-06
3406,682,あなたしか見えないの,あなたしかみえないの,easy,7,,308,,,,,,,2026-05-18
3407,682,あなたしか見えないの,あなたしかみえないの,normal,12,,413,,,,,,,2026-05-18
3408,682,あなたしか見えないの,あなたしかみえないの,hard,17,,686,,,,,,,2026-05-18
3409,682,あなたしか見えないの,あなたしかみえないの,expert,25,,969,,,,,,,2026-05-18
3410,682,あなたしか見えないの,あなたしかみえないの,master,29,,972,,,,,,,2026-05-18
3411,683,カラフルファンデーション,からふるふぁんでーしょん,easy,8,,306,,,,,,,2026-03-10
3412,683,カラフルファンデーション,からふるふぁんでーしょん,normal,13,,371,,,,,,,2026-03-10
3413,683,カラフルファンデーション,からふるふぁんでーしょん,hard,18,,677,,,,,,,2026-03-10
3414,683,カラフルファンデーション,からふるふぁんでーしょん,expert,24,,815,,,,,,,2026-03-10
3415,683,カラフルファンデーション,からふるふぁんでーしょん,master,29,,1091,,,,,,,2026-03-10
3416,684,ファイター,ふぁいたー,easy,6,,133,,,,,,,2025-11-20
3417,684,ファイター,ふぁいたー,normal,12,,225,,,,,,,2025-11-20
3418,684,ファイター,ふぁいたー,hard,17,,464,,,,,,,2025-11-20
3419,684,ファイター,ふぁいたー,expert,23,,641,,,,,,,2025-11-20
3420,684,ファイター,ふぁいたー,master,28,,826,,,,,,,2025-11-20
3421,685,電光刹歌,でんこうせっか,easy,9,,406,,,,,,,2025-12-06
3422,685,電光刹歌,でんこうせっか,normal,13,,427,,,,,,,2025-12-06
3423,685,電光刹歌,でんこうせっか,hard,19,,769,,,,,,,2025-12-06
3424,685,電光刹歌,でんこうせっか,expert,28,,1086,,,,,,,2025-12-06
3425,685,電光刹歌,でんこうせっか,master,31,,1472,,,,,,,2025-12-06
3426,686,トレジャーガーデン,とれじゃーがーでん,easy,9,,448,,,,,,,2025-12-09
3427,686,トレジャーガーデン,とれじゃーがーでん,normal,14,,563,,,,,,,2025-12-09
3428,686,トレジャーガーデン,とれじゃーがーでん,hard,19,,977,,,,,,,2025-12-09
3429,686,トレジャーガーデン,とれじゃーがーでん,expert,28,,1381,,,,,,,2025-12-09
3430,686,トレジャーガーデン,とれじゃーがーでん,master,33,,1468,,,,,,,2025-12-09
3431,687,ジェットブラック,じぇっとぶらっく,easy,7,,332,,,,,,,2025-12-08
3432,687,ジェットブラック,じぇっとぶらっく,normal,13,,515,,,,,,,2025-12-08
3433,687,ジェットブラック,じぇっとぶらっく,hard,18,,772,,,,,,,2025-12-08
3434,687,ジェットブラック,じぇっとぶらっく,expert,26,,1052,,,,,,,2025-12-08
3435,687,ジェットブラック,じぇっとぶらっく,master,30,,1337,,,,,,,2025-12-08
3436,688,ウィーアーピコピコハンマーズ!!!!,うぃーあーぴこぴこはんまーず,easy,9,,246,,,,,,,2025-12-07
3437,688,ウィーアーピコピコハンマーズ!!!!,うぃーあーぴこぴこはんまーず,normal,14,,501,,,,,,,2025-12-07
3438,688,ウィーアーピコピコハンマーズ!!!!,うぃーあーぴこぴこはんまーず,hard,18,,746,,,,,,,2025-12-07
3439,688,ウィーアーピコピコハンマーズ!!!!,うぃーあーぴこぴこはんまーず,expert,27,,1125,,,,,,,2025-12-07
3440,688,ウィーアーピコピコハンマーズ!!!!,うぃーあーぴこぴこはんまーず,master,32,,1416,,,,,,,2025-12-07
3441,689,最愛人生ランナー,さいあいじんせいらんなー,easy,8,,206,,,,,,,2025-12-10
3442,689,最愛人生ランナー,さいあいじんせいらんなー,normal,13,,445,,,,,,,2025-12-10
3443,689,最愛人生ランナー,さいあいじんせいらんなー,hard,19,,693,,,,,,,2025-12-10
3444,689,最愛人生ランナー,さいあいじんせいらんなー,expert,27,,1039,,,,,,,2025-12-10
3445,689,最愛人生ランナー,さいあいじんせいらんなー,master,31,,1217,,,,,,,2025-12-10
3446,690,惑星ループ,わくせいるーぷ,easy,7,,290,,,,,,,2026-01-03
3447,690,惑星ループ,わくせいるーぷ,normal,12,,388,,,,,,,2026-01-03
3448,690,惑星ループ,わくせいるーぷ,hard,18,,813,,,,,,,2026-01-03
3449,690,惑星ループ,わくせいるーぷ,expert,24,,857,,,,,,,2026-01-03
3450,690,惑星ループ,わくせいるーぷ,master,29,,1018,,,,,,,2026-01-03
4137,690,惑星ループ,わくせいるーぷ,append,28,,1171,,,,,,,2026-01-03
3451,691,0.0000034,れいてんれいれいれいれいれいさんよん,easy,9,,434,,,,,,,2025-11-24
3452,691,0.0000034,れいてんれいれいれいれいれいさんよん,normal,15,,734,,,,,,,2025-11-24
3453,691,0.0000034,れいてんれいれいれいれいれいさんよん,hard,24,,1234,,,,,,,2025-11-24
3454,691,0.0000034,れいてんれいれいれいれいれいさんよん,expert,31,,1634,,,,,,,2025-11-24
3455,691,0.0000034,れいてんれいれいれいれいれいさんよん,master,34,,1934,,,,,,,2025-11-24
4134,691,0.0000034,れいてんれいれいれいれいれいさんよん,append,37,,2334,,,,,,,2025-11-24
3456,692,ぼかろころしあむ,ぼかろころしあむ,easy,6,,167,,,,,,,2025-12-30
3457,692,ぼかろころしあむ,ぼかろころしあむ,normal,12,,273,,,,,,,2025-12-30
3458,692,ぼかろころしあむ,ぼかろころしあむ,hard,18,,574,,,,,,,2025-12-30
3459,692,ぼかろころしあむ,ぼかろころしあむ,expert,25,,805,,,,,,,2025-12-30
3460,692,ぼかろころしあむ,ぼかろころしあむ,master,30,,870,,,,,,,2025-12-30
3461,693,erase or zero,いれーすおあぜろ,easy,6,,186,,,,,,,2026-02-28
3462,693,erase or zero,いれーすおあぜろ,normal,12,,371,,,,,,,2026-02-28
3463,693,erase or zero,いれーすおあぜろ,hard,17,,569,,,,,,,2026-02-28
3464,693,erase or zero,いれーすおあぜろ,expert,24,,845,,,,,,,2026-02-28
3465,693,erase or zero,いれーすおあぜろ,master,29,,991,,,,,,,2026-02-28
3471,695,花結び,はなむすび,easy,8,,351,,,,,,,2025-11-30
3472,695,花結び,はなむすび,normal,13,,399,,,,,,,2025-11-30
3473,695,花結び,はなむすび,hard,18,,669,,,,,,,2025-11-30
3474,695,花結び,はなむすび,expert,26,,989,,,,,,,2025-11-30
3475,695,花結び,はなむすび,master,29,,1106,,,,,,,2025-11-30
3476,696,ドリーム・キス,どりーむ・きす,easy,5,,132,,,,,,,2025-12-22
3477,696,ドリーム・キス,どりーむ・きす,normal,11,,380,,,,,,,2025-12-22
3478,696,ドリーム・キス,どりーむ・きす,hard,17,,511,,,,,,,2025-12-22
3479,696,ドリーム・キス,どりーむ・きす,expert,24,,515,,,,,,,2025-12-22
3480,696,ドリーム・キス,どりーむ・きす,master,29,,795,,,,,,,2025-12-22
3481,697,Internet Junk Junkie,いんたーねっとじゃんくじゃんきー,easy,9,,287,,,,,,,2026-01-12
3482,697,Internet Junk Junkie,いんたーねっとじゃんくじゃんきー,normal,14,,500,,,,,,,2026-01-12
3483,697,Internet Junk Junkie,いんたーねっとじゃんくじゃんきー,hard,20,,890,,,,,,,2026-01-12
3484,697,Internet Junk Junkie,いんたーねっとじゃんくじゃんきー,expert,28,,1105,,,,,,,2026-01-12
3485,697,Internet Junk Junkie,いんたーねっとじゃんくじゃんきー,master,33,,1341,,,,,,,2026-01-12
3486,698,鎖の少女-Re Alive-,くさりのしょうじょりあらいぶ,easy,6,,192,,,,,,,2026-01-06
3487,698,鎖の少女-Re Alive-,くさりのしょうじょりあらいぶ,normal,13,,379,,,,,,,2026-01-06
3488,698,鎖の少女-Re Alive-,くさりのしょうじょりあらいぶ,hard,17,,664,,,,,,,2026-01-06
3489,698,鎖の少女-Re Alive-,くさりのしょうじょりあらいぶ,expert,24,,920,,,,,,,2026-01-06
3490,698,鎖の少女-Re Alive-,くさりのしょうじょりあらいぶ,master,29,,1029,,,,,,,2026-01-06
3491,699,Catch the Wave,きゃっちざうぇーぶ,easy,7,,239,,,,,,,2026-03-09
3492,699,Catch the Wave,きゃっちざうぇーぶ,normal,12,,239,,,,,,,2026-03-09
3493,699,Catch the Wave,きゃっちざうぇーぶ,hard,18,,539,,,,,,,2026-03-09
3494,699,Catch the Wave,きゃっちざうぇーぶ,expert,23,,739,,,,,,,2026-03-09
3495,699,Catch the Wave,きゃっちざうぇーぶ,master,27,,739,,,,,,,2026-03-09
3496,700,魔法少女とチョコレゐト,まほうしょうじょとちょこれいと,easy,7,,277,,,,,,,2026-01-01
3497,700,魔法少女とチョコレゐト,まほうしょうじょとちょこれいと,normal,13,,349,,,,,,,2026-01-01
3498,700,魔法少女とチョコレゐト,まほうしょうじょとちょこれいと,hard,18,,608,,,,,,,2026-01-01
3499,700,魔法少女とチョコレゐト,まほうしょうじょとちょこれいと,expert,25,,797,,,,,,,2026-01-01
3500,700,魔法少女とチョコレゐト,まほうしょうじょとちょこれいと,master,30,,930,,,,,,,2026-01-01
3506,702,ラムネ,らむね,easy,8,,194,,,,,,,2026-03-06
3507,702,ラムネ,らむね,normal,12,,354,,,,,,,2026-03-06
3508,702,ラムネ,らむね,hard,18,,647,,,,,,,2026-03-06
3509,702,ラムネ,らむね,expert,25,,951,,,,,,,2026-03-06
3510,702,ラムネ,らむね,master,29,,1018,,,,,,,2026-03-06
3511,703,バイオレンストリガー,ばいおれんすとりがー,easy,8,,388,,,,,,,2026-03-14
3512,703,バイオレンストリガー,ばいおれんすとりがー,normal,13,,559,,,,,,,2026-03-14
3513,703,バイオレンストリガー,ばいおれんすとりがー,hard,18,,907,,,,,,,2026-03-14
3514,703,バイオレンストリガー,ばいおれんすとりがー,expert,27,,1277,,,,,,,2026-03-14
3515,703,バイオレンストリガー,ばいおれんすとりがー,master,31,,1421,,,,,,,2026-03-14
3516,704,黒塗り世界宛て書簡,くろぬりせかいあてしょかん,easy,8,,221,,,,,,,2026-01-04
3517,704,黒塗り世界宛て書簡,くろぬりせかいあてしょかん,normal,12,,358,,,,,,,2026-01-04
3518,704,黒塗り世界宛て書簡,くろぬりせかいあてしょかん,hard,19,,708,,,,,,,2026-01-04
3519,704,黒塗り世界宛て書簡,くろぬりせかいあてしょかん,expert,26,,930,,,,,,,2026-01-04
3520,704,黒塗り世界宛て書簡,くろぬりせかいあてしょかん,master,31,,1201,,,,,,,2026-01-04
3521,705,ラズベリー＊モンスター,らずべりーもんすたー,easy,8,,394,,,,,,,2026-06-05
3522,705,ラズベリー＊モンスター,らずべりーもんすたー,normal,13,,560,,,,,,,2026-06-05
3523,705,ラズベリー＊モンスター,らずべりーもんすたー,hard,19,,905,,,,,,,2026-06-05
3524,705,ラズベリー＊モンスター,らずべりーもんすたー,expert,25,,933,,,,,,,2026-06-05
3525,705,ラズベリー＊モンスター,らずべりーもんすたー,master,30,,1410,,,,,,,2026-06-05
3526,706,永遠甚だしい,えいえんはなはだしい,easy,7,,251,,,,,,,2026-06-12
3527,706,永遠甚だしい,えいえんはなはだしい,normal,12,,399,,,,,,,2026-06-12
3528,706,永遠甚だしい,えいえんはなはだしい,hard,17,,586,,,,,,,2026-06-12
3529,706,永遠甚だしい,えいえんはなはだしい,expert,25,,930,,,,,,,2026-06-12
3530,706,永遠甚だしい,えいえんはなはだしい,master,30,,1116,,,,,,,2026-06-12
3531,707,さいたま2000,さいたまにせん,easy,9,,171,,,,,,,2026-02-21
3532,707,さいたま2000,さいたまにせん,normal,14,,285,,,,,,,2026-02-21
3533,707,さいたま2000,さいたまにせん,hard,20,,568,,,,,,,2026-02-21
3534,707,さいたま2000,さいたまにせん,expert,26,,659,,,,,,,2026-02-21
3535,707,さいたま2000,さいたまにせん,master,30,,1021,,,,,,,2026-02-21
4138,707,さいたま2000,さいたまにせん,append,33,,1448,,,,,,,2026-02-21
3536,708,幽玄ノ乱,ゆうげんのらん,easy,9,,492,,,,,,,2026-02-23
3537,708,幽玄ノ乱,ゆうげんのらん,normal,15,,848,,,,,,,2026-02-23
3538,708,幽玄ノ乱,ゆうげんのらん,hard,24,,1012,,,,,,,2026-02-23
3539,708,幽玄ノ乱,ゆうげんのらん,expert,30,,1354,,,,,,,2026-02-23
3540,708,幽玄ノ乱,ゆうげんのらん,master,35,,1410,,,,,,,2026-02-23
4139,708,幽玄ノ乱,ゆうげんのらん,append,36,,2206,,,,,,,2026-02-23
3541,709,初音ミクの消失−劇場版−,はつねみくのしょうしつげきじょうばん,easy,9,,215,,,,,,,2026-02-22
3542,709,初音ミクの消失−劇場版−,はつねみくのしょうしつげきじょうばん,normal,14,,360,,,,,,,2026-02-22
3543,709,初音ミクの消失−劇場版−,はつねみくのしょうしつげきじょうばん,hard,21,,685,,,,,,,2026-02-22
3544,709,初音ミクの消失−劇場版−,はつねみくのしょうしつげきじょうばん,expert,29,,918,,,,,,,2026-02-22
3545,709,初音ミクの消失−劇場版−,はつねみくのしょうしつげきじょうばん,master,33,,1221,,,,,,,2026-02-22
4140,709,初音ミクの消失−劇場版−,はつねみくのしょうしつげきじょうばん,append,36,,1666,,,,,,,2026-02-22
3546,710,ヘッジホッグ,へっじほっぐ,easy,7,,194,,,,,,,2026-04-13
3547,710,ヘッジホッグ,へっじほっぐ,normal,13,,370,,,,,,,2026-04-13
3548,710,ヘッジホッグ,へっじほっぐ,hard,17,,595,,,,,,,2026-04-13
3549,710,ヘッジホッグ,へっじほっぐ,expert,24,,837,,,,,,,2026-04-13
3550,710,ヘッジホッグ,へっじほっぐ,master,28,,1133,,,,,,,2026-04-13
3551,711,ワンダーラスト,わんだーらすと,easy,9,,466,,,,,,,2026-04-02
3552,711,ワンダーラスト,わんだーらすと,normal,14,,601,,,,,,,2026-04-02
3553,711,ワンダーラスト,わんだーらすと,hard,19,,920,,,,,,,2026-04-02
3554,711,ワンダーラスト,わんだーらすと,expert,26,,1418,,,,,,,2026-04-02
3555,711,ワンダーラスト,わんだーらすと,master,31,,1577,,,,,,,2026-04-02
3556,712,比較症候群,ひかくしょうこうぐん,easy,9,,340,,,,,,,2026-05-22
3557,712,比較症候群,ひかくしょうこうぐん,normal,14,,494,,,,,,,2026-05-22
3558,712,比較症候群,ひかくしょうこうぐん,hard,19,,633,,,,,,,2026-05-22
3559,712,比較症候群,ひかくしょうこうぐん,expert,24,,889,,,,,,,2026-05-22
3560,712,比較症候群,ひかくしょうこうぐん,master,30,,1125,,,,,,,2026-05-22
3561,713,Nyanyanyanyanyanyanya!,にゃにゃにゃにゃにゃにゃにゃ,easy,6,,197,,,,,,,2026-04-05
3562,713,Nyanyanyanyanyanyanya!,にゃにゃにゃにゃにゃにゃにゃ,normal,13,,323,,,,,,,2026-04-05
3563,713,Nyanyanyanyanyanyanya!,にゃにゃにゃにゃにゃにゃにゃ,hard,17,,452,,,,,,,2026-04-05
3564,713,Nyanyanyanyanyanyanya!,にゃにゃにゃにゃにゃにゃにゃ,expert,26,,1059,,,,,,,2026-04-05
3565,713,Nyanyanyanyanyanyanya!,にゃにゃにゃにゃにゃにゃにゃ,master,31,,1188,,,,,,,2026-04-05
3566,714,フロイライン＝オジョウサマ,ふろいらいんおじょうさま,easy,9,,314,,,,,,,2026-04-04
3567,714,フロイライン＝オジョウサマ,ふろいらいんおじょうさま,normal,14,,467,,,,,,,2026-04-04
3568,714,フロイライン＝オジョウサマ,ふろいらいんおじょうさま,hard,20,,974,,,,,,,2026-04-04
3569,714,フロイライン＝オジョウサマ,ふろいらいんおじょうさま,expert,27,,1130,,,,,,,2026-04-04
3570,714,フロイライン＝オジョウサマ,ふろいらいんおじょうさま,master,31,,1234,,,,,,,2026-04-04
3571,715,魔法少女幸福論,まほうしょうじょこうふくろん,easy,8,,218,,,,,,,2026-05-02
3572,715,魔法少女幸福論,まほうしょうじょこうふくろん,normal,13,,406,,,,,,,2026-05-02
3573,715,魔法少女幸福論,まほうしょうじょこうふくろん,hard,19,,712,,,,,,,2026-05-02
3574,715,魔法少女幸福論,まほうしょうじょこうふくろん,expert,26,,982,,,,,,,2026-05-02
3575,715,魔法少女幸福論,まほうしょうじょこうふくろん,master,31,,1115,,,,,,,2026-05-02
3576,716,透過する温度,とうかするおんど,easy,5,,155,,,,,,,2026-01-21
3577,716,透過する温度,とうかするおんど,normal,13,,260,,,,,,,2026-01-21
3578,716,透過する温度,とうかするおんど,hard,17,,365,,,,,,,2026-01-21
3579,716,透過する温度,とうかするおんど,expert,24,,608,,,,,,,2026-01-21
3580,716,透過する温度,とうかするおんど,master,29,,754,,,,,,,2026-01-21
3581,717,Ribbon,りぼん,easy,6,,179,,,,,,,2026-02-15
3582,717,Ribbon,りぼん,normal,12,,268,,,,,,,2026-02-15
3583,717,Ribbon,りぼん,hard,16,,413,,,,,,,2026-02-15
3584,717,Ribbon,りぼん,expert,23,,598,,,,,,,2026-02-15
3585,717,Ribbon,りぼん,master,27,,641,,,,,,,2026-02-15
3586,718,幕を下ろそう、パレードへ,まくをおろそうぱれーどへ,easy,6,,247,,,,,,,2026-02-14
3587,718,幕を下ろそう、パレードへ,まくをおろそうぱれーどへ,normal,13,,349,,,,,,,2026-02-14
3588,718,幕を下ろそう、パレードへ,まくをおろそうぱれーどへ,hard,17,,587,,,,,,,2026-02-14
3589,718,幕を下ろそう、パレードへ,まくをおろそうぱれーどへ,expert,25,,861,,,,,,,2026-02-14
3590,718,幕を下ろそう、パレードへ,まくをおろそうぱれーどへ,master,30,,875,,,,,,,2026-02-14
3591,719,SHIAWASE FOR YOU!,しあわせふぉーゆー,easy,8,,195,,,,,,,2026-02-08
3592,719,SHIAWASE FOR YOU!,しあわせふぉーゆー,normal,13,,385,,,,,,,2026-02-08
3593,719,SHIAWASE FOR YOU!,しあわせふぉーゆー,hard,19,,577,,,,,,,2026-02-08
3594,719,SHIAWASE FOR YOU!,しあわせふぉーゆー,expert,25,,789,,,,,,,2026-02-08
3595,719,SHIAWASE FOR YOU!,しあわせふぉーゆー,master,30,,961,,,,,,,2026-02-08
3596,720,アリア,ありあ,easy,6,,139,,,,,,,2026-02-13
3597,720,アリア,ありあ,normal,11,,147,,,,,,,2026-02-13
3598,720,アリア,ありあ,hard,17,,419,,,,,,,2026-02-13
3599,720,アリア,ありあ,expert,23,,544,,,,,,,2026-02-13
3600,720,アリア,ありあ,master,29,,627,,,,,,,2026-02-13
3601,721,あいしていたのに,あいしていたのに,easy,5,,112,,,,,,,2026-04-03
3602,721,あいしていたのに,あいしていたのに,normal,10,,143,,,,,,,2026-04-03
3603,721,あいしていたのに,あいしていたのに,hard,16,,319,,,,,,,2026-04-03
3604,721,あいしていたのに,あいしていたのに,expert,23,,550,,,,,,,2026-04-03
3605,721,あいしていたのに,あいしていたのに,master,27,,580,,,,,,,2026-04-03
3606,722,ダイダイダイダイダイキライ,だいだいだいだいだいきらい,easy,6,,164,,,,,,,2026-03-31
3607,722,ダイダイダイダイダイキライ,だいだいだいだいだいきらい,normal,12,,279,,,,,,,2026-03-31
3608,722,ダイダイダイダイダイキライ,だいだいだいだいだいきらい,hard,17,,526,,,,,,,2026-03-31
3609,722,ダイダイダイダイダイキライ,だいだいだいだいだいきらい,expert,24,,687,,,,,,,2026-03-31
3610,722,ダイダイダイダイダイキライ,だいだいだいだいだいきらい,master,30,,875,,,,,,,2026-03-31
3611,723,ラヴィ,らゔぃ,easy,8,,385,,,,,,,2026-03-15
3612,723,ラヴィ,らゔぃ,normal,13,,533,,,,,,,2026-03-15
3613,723,ラヴィ,らゔぃ,hard,19,,798,,,,,,,2026-03-15
3614,723,ラヴィ,らゔぃ,expert,26,,1080,,,,,,,2026-03-15
3615,723,ラヴィ,らゔぃ,master,30,,1281,,,,,,,2026-03-15
3616,724,ハオ,はお,easy,8,,227,,,,,,,2026-02-16
3617,724,ハオ,はお,normal,13,,372,,,,,,,2026-02-16
3618,724,ハオ,はお,hard,18,,615,,,,,,,2026-02-16
3619,724,ハオ,はお,expert,25,,964,,,,,,,2026-02-16
3620,724,ハオ,はお,master,29,,1202,,,,,,,2026-02-16
3626,726,アルカリレットウセイ,あるかりれっとうせい,easy,7,,256,,,,,,,2026-03-16
3627,726,アルカリレットウセイ,あるかりれっとうせい,normal,12,,270,,,,,,,2026-03-16
3628,726,アルカリレットウセイ,あるかりれっとうせい,hard,17,,452,,,,,,,2026-03-16
3629,726,アルカリレットウセイ,あるかりれっとうせい,expert,24,,854,,,,,,,2026-03-16
3630,726,アルカリレットウセイ,あるかりれっとうせい,master,30,,1211,,,,,,,2026-03-16
3631,727,T氏の話を信じるな,てぃーしのはなしをしんじるな,easy,6,,237,,,,,,,2026-04-06
3632,727,T氏の話を信じるな,てぃーしのはなしをしんじるな,normal,12,,324,,,,,,,2026-04-06
3633,727,T氏の話を信じるな,てぃーしのはなしをしんじるな,hard,18,,658,,,,,,,2026-04-06
3634,727,T氏の話を信じるな,てぃーしのはなしをしんじるな,expert,26,,948,,,,,,,2026-04-06
3635,727,T氏の話を信じるな,てぃーしのはなしをしんじるな,master,30,,1089,,,,,,,2026-04-06
3636,728,スターダストレイン,すたーだすとれいん,easy,5,,190,,,,,,,2026-08-15
3637,728,スターダストレイン,すたーだすとれいん,normal,12,,340,,,,,,,2026-08-15
3638,728,スターダストレイン,すたーだすとれいん,hard,17,,531,,,,,,,2026-08-15
3639,728,スターダストレイン,すたーだすとれいん,expert,24,,671,,,,,,,2026-08-15
3640,728,スターダストレイン,すたーだすとれいん,master,27,,827,,,,,,,2026-08-15
3656,732,天藍のアイスヘヴン,てんらんのあいすへゔん,easy,9,,368,,,,,,,2026-03-23
3657,732,天藍のアイスヘヴン,てんらんのあいすへゔん,normal,13,,499,,,,,,,2026-03-23
3658,732,天藍のアイスヘヴン,てんらんのあいすへゔん,hard,20,,855,,,,,,,2026-03-23
3659,732,天藍のアイスヘヴン,てんらんのあいすへゔん,expert,28,,1228,,,,,,,2026-03-23
3660,732,天藍のアイスヘヴン,てんらんのあいすへゔん,master,33,,1462,,,,,,,2026-03-23
3661,733,いますぐ輪廻,いますぐりんね,easy,6,,276,,,,,,,2026-06-08
3662,733,いますぐ輪廻,いますぐりんね,normal,12,,272,,,,,,,2026-06-08
3663,733,いますぐ輪廻,いますぐりんね,hard,17,,616,,,,,,,2026-06-08
3664,733,いますぐ輪廻,いますぐりんね,expert,25,,796,,,,,,,2026-06-08
3665,733,いますぐ輪廻,いますぐりんね,master,30,,940,,,,,,,2026-06-08
3666,734,プロポーズ,ぷろぽーず,easy,6,,174,,,,,,,2026-06-01
3667,734,プロポーズ,ぷろぽーず,normal,12,,249,,,,,,,2026-06-01
3668,734,プロポーズ,ぷろぽーず,hard,17,,549,,,,,,,2026-06-01
3669,734,プロポーズ,ぷろぽーず,expert,24,,830,,,,,,,2026-06-01
3670,734,プロポーズ,ぷろぽーず,master,29,,1116,,,,,,,2026-06-01
3671,735,傀儡のうつつ,くぐつのうつつ,easy,7,,184,,,,,,,2026-03-30
3672,735,傀儡のうつつ,くぐつのうつつ,normal,12,,313,,,,,,,2026-03-30
3673,735,傀儡のうつつ,くぐつのうつつ,hard,18,,492,,,,,,,2026-03-30
3674,735,傀儡のうつつ,くぐつのうつつ,expert,24,,719,,,,,,,2026-03-30
3675,735,傀儡のうつつ,くぐつのうつつ,master,29,,888,,,,,,,2026-03-30
4148,735,傀儡のうつつ,くぐつのうつつ,append,30,,892,,,,,,,2026-03-30
3681,737,導火愛,どうかあい,easy,5,,193,,,,,,,2026-04-24
3682,737,導火愛,どうかあい,normal,12,,313,,,,,,,2026-04-24
3683,737,導火愛,どうかあい,hard,18,,494,,,,,,,2026-04-24
3684,737,導火愛,どうかあい,expert,25,,883,,,,,,,2026-04-24
3685,737,導火愛,どうかあい,master,30,,963,,,,,,,2026-04-24
3686,738,ストラタでまちあわせ,すとらたでまちあわせ,easy,5,,112,,,,,,,2026-05-25
3687,738,ストラタでまちあわせ,すとらたでまちあわせ,normal,12,,250,,,,,,,2026-05-25
3688,738,ストラタでまちあわせ,すとらたでまちあわせ,hard,16,,346,,,,,,,2026-05-25
3689,738,ストラタでまちあわせ,すとらたでまちあわせ,expert,22,,441,,,,,,,2026-05-25
3690,738,ストラタでまちあわせ,すとらたでまちあわせ,master,27,,655,,,,,,,2026-05-25
3691,739,世界の歩き方,せかいのあるきかた,easy,6,,186,,,,,,,2026-04-28
3692,739,世界の歩き方,せかいのあるきかた,normal,12,,234,,,,,,,2026-04-28
3693,739,世界の歩き方,せかいのあるきかた,hard,17,,528,,,,,,,2026-04-28
3694,739,世界の歩き方,せかいのあるきかた,expert,23,,683,,,,,,,2026-04-28
3695,739,世界の歩き方,せかいのあるきかた,master,28,,780,,,,,,,2026-04-28
3696,740,羽歌,うか,easy,8,,209,,,,,,,2026-05-08
3697,740,羽歌,うか,normal,13,,389,,,,,,,2026-05-08
3698,740,羽歌,うか,hard,17,,548,,,,,,,2026-05-08
3699,740,羽歌,うか,expert,23,,714,,,,,,,2026-05-08
3700,740,羽歌,うか,master,28,,859,,,,,,,2026-05-08
4152,740,羽歌,うか,append,30,,944,,,,,,,2026-05-08
3701,741,アイ・メイカー！,あい・めいかー,easy,8,,292,,,,,,,2026-07-06
3702,741,アイ・メイカー！,あい・めいかー,normal,13,,488,,,,,,,2026-07-06
3703,741,アイ・メイカー！,あい・めいかー,hard,18,,688,,,,,,,2026-07-06
3704,741,アイ・メイカー！,あい・めいかー,expert,26,,1118,,,,,,,2026-07-06
3705,741,アイ・メイカー！,あい・めいかー,master,31,,1255,,,,,,,2026-07-06
3706,742,旅に帰る,たびにかえる,easy,7,,305,,,,,,,2026-06-18
3707,742,旅に帰る,たびにかえる,normal,12,,361,,,,,,,2026-06-18
3708,742,旅に帰る,たびにかえる,hard,17,,529,,,,,,,2026-06-18
3709,742,旅に帰る,たびにかえる,expert,23,,670,,,,,,,2026-06-18
3710,742,旅に帰る,たびにかえる,master,27,,876,,,,,,,2026-06-18
3711,743,ドリーマーズビート,どりーまーずびーと,easy,6,,203,,,,,,,2026-05-29
3712,743,ドリーマーズビート,どりーまーずびーと,normal,12,,228,,,,,,,2026-05-29
3713,743,ドリーマーズビート,どりーまーずびーと,hard,17,,407,,,,,,,2026-05-29
3714,743,ドリーマーズビート,どりーまーずびーと,expert,24,,670,,,,,,,2026-05-29
3715,743,ドリーマーズビート,どりーまーずびーと,master,28,,772,,,,,,,2026-05-29
3716,744,CHAOS,かおす,easy,7,,273,,,,,,,2026-06-22
3717,744,CHAOS,かおす,normal,14,,325,,,,,,,2026-06-22
3718,744,CHAOS,かおす,hard,21,,668,,,,,,,2026-06-22
3719,744,CHAOS,かおす,expert,27,,890,,,,,,,2026-06-22
3720,744,CHAOS,かおす,master,33,,1464,,,,,,,2026-06-22
4155,744,CHAOS,かおす,append,35,,1651,,,,,,,2026-06-22
3721,745,ANiMA,あにま,easy,9,,222,,,,,,,2026-06-25
3722,745,ANiMA,あにま,normal,14,,385,,,,,,,2026-06-25
3723,745,ANiMA,あにま,hard,21,,617,,,,,,,2026-06-25
3724,745,ANiMA,あにま,expert,29,,1059,,,,,,,2026-06-25
3725,745,ANiMA,あにま,master,33,,1248,,,,,,,2026-06-25
4156,745,ANiMA,あにま,append,36,,1808,,,,,,,2026-06-25
3726,746,Masquerade,ますかれーど,easy,6,,211,,,,,,,2026-06-26
3727,746,Masquerade,ますかれーど,normal,12,,274,,,,,,,2026-06-26
3728,746,Masquerade,ますかれーど,hard,18,,497,,,,,,,2026-06-26
3729,746,Masquerade,ますかれーど,expert,25,,868,,,,,,,2026-06-26
3730,746,Masquerade,ますかれーど,master,30,,1015,,,,,,,2026-06-26
4157,746,Masquerade,ますかれーど,append,31,,1282,,,,,,,2026-06-26
3731,747,SAIRAI,さいらい,easy,5,,190,,,,,,,2026-06-21
3732,747,SAIRAI,さいらい,normal,11,,272,,,,,,,2026-06-21
3733,747,SAIRAI,さいらい,hard,16,,469,,,,,,,2026-06-21
3734,747,SAIRAI,さいらい,expert,22,,601,,,,,,,2026-06-21
3735,747,SAIRAI,さいらい,master,27,,727,,,,,,,2026-06-21
3736,748,Saika,さいか,easy,6,,229,,,,,,,2026-06-23
3737,748,Saika,さいか,normal,12,,415,,,,,,,2026-06-23
3738,748,Saika,さいか,hard,17,,597,,,,,,,2026-06-23
3739,748,Saika,さいか,expert,24,,875,,,,,,,2026-06-23
3740,748,Saika,さいか,master,28,,987,,,,,,,2026-06-23
3741,749,99 Glooms,ないんてぃないんぐるーむず,easy,8,,260,,,,,,,2026-06-24
3742,749,99 Glooms,ないんてぃないんぐるーむず,normal,13,,432,,,,,,,2026-06-24
3743,749,99 Glooms,ないんてぃないんぐるーむず,hard,18,,729,,,,,,,2026-06-24
3744,749,99 Glooms,ないんてぃないんぐるーむず,expert,27,,1017,,,,,,,2026-06-24
3745,749,99 Glooms,ないんてぃないんぐるーむず,master,31,,1347,,,,,,,2026-06-24
3746,750,ロスタイムメモリー,ろすたいむめもりー,easy,9,,399,,,,,,,2026-08-12
3747,750,ロスタイムメモリー,ろすたいむめもりー,normal,14,,552,,,,,,,2026-08-12
3748,750,ロスタイムメモリー,ろすたいむめもりー,hard,18,,783,,,,,,,2026-08-12
3749,750,ロスタイムメモリー,ろすたいむめもりー,expert,27,,997,,,,,,,2026-08-12
3750,750,ロスタイムメモリー,ろすたいむめもりー,master,31,,1314,,,,,,,2026-08-12
3751,751,アディショナルメモリー,あでぃしょなるめもりー,easy,9,,284,,,,,,,2026-08-10
3752,751,アディショナルメモリー,あでぃしょなるめもりー,normal,14,,454,,,,,,,2026-08-10
3753,751,アディショナルメモリー,あでぃしょなるめもりー,hard,18,,661,,,,,,,2026-08-10
3754,751,アディショナルメモリー,あでぃしょなるめもりー,expert,27,,995,,,,,,,2026-08-10
3755,751,アディショナルメモリー,あでぃしょなるめもりー,master,31,,1226,,,,,,,2026-08-10
3756,752,アヤノの幸福理論,あやののこうふくりろん,easy,5,,172,,,,,,,2026-08-14
3757,752,アヤノの幸福理論,あやののこうふくりろん,normal,11,,228,,,,,,,2026-08-14
3758,752,アヤノの幸福理論,あやののこうふくりろん,hard,16,,404,,,,,,,2026-08-14
3759,752,アヤノの幸福理論,あやののこうふくりろん,expert,22,,552,,,,,,,2026-08-14
3760,752,アヤノの幸福理論,あやののこうふくりろん,master,27,,749,,,,,,,2026-08-14
3761,753,空想フォレスト,くうそうふぉれすと,easy,7,,328,,,,,,,2026-08-13
3762,753,空想フォレスト,くうそうふぉれすと,normal,13,,409,,,,,,,2026-08-13
3763,753,空想フォレスト,くうそうふぉれすと,hard,17,,721,,,,,,,2026-08-13
3764,753,空想フォレスト,くうそうふぉれすと,expert,25,,917,,,,,,,2026-08-13
3765,753,空想フォレスト,くうそうふぉれすと,master,29,,925,,,,,,,2026-08-13
3766,754,光,ひかり,easy,7,,222,,,,,,,2026-07-09
3767,754,光,ひかり,normal,12,,364,,,,,,,2026-07-09
3768,754,光,ひかり,hard,18,,563,,,,,,,2026-07-09
3769,754,光,ひかり,expert,24,,784,,,,,,,2026-07-09
3770,754,光,ひかり,master,29,,853,,,,,,,2026-07-09
3771,755,初音狂奏曲第01番「彗惺」,はつねきょうそうきょくだいいちばんすいせい,easy,9,,409,,,,,,,2026-06-09
3772,755,初音狂奏曲第01番「彗惺」,はつねきょうそうきょくだいいちばんすいせい,normal,14,,539,,,,,,,2026-06-09
3773,755,初音狂奏曲第01番「彗惺」,はつねきょうそうきょくだいいちばんすいせい,hard,21,,910,,,,,,,2026-06-09
3774,755,初音狂奏曲第01番「彗惺」,はつねきょうそうきょくだいいちばんすいせい,expert,31,,1581,,,,,,,2026-06-09
3775,755,初音狂奏曲第01番「彗惺」,はつねきょうそうきょくだいいちばんすいせい,master,34,,2025,,,,,,,2026-06-09
4161,755,初音狂奏曲第01番「彗惺」,はつねきょうそうきょくだいいちばんすいせい,append,37,,2586,,,,,,,2026-06-09
3776,756,Gimme more!,ぎみーもあ,easy,5,,193,,,,,,,2026-06-30
3777,756,Gimme more!,ぎみーもあ,normal,11,,275,,,,,,,2026-06-30
3778,756,Gimme more!,ぎみーもあ,hard,17,,458,,,,,,,2026-06-30
3779,756,Gimme more!,ぎみーもあ,expert,24,,721,,,,,,,2026-06-30
3780,756,Gimme more!,ぎみーもあ,master,28,,834,,,,,,,2026-06-30
4162,756,Gimme more!,ぎみーもあ,append,29,,1183,,,,,,,2026-06-30
3781,757,ひかりのあつめかた,ひかりのあつめかた,easy,9,,344,,,,,,,2026-06-15
3782,757,ひかりのあつめかた,ひかりのあつめかた,normal,13,,381,,,,,,,2026-06-15
3783,757,ひかりのあつめかた,ひかりのあつめかた,hard,17,,609,,,,,,,2026-06-15
3784,757,ひかりのあつめかた,ひかりのあつめかた,expert,24,,818,,,,,,,2026-06-15
3785,757,ひかりのあつめかた,ひかりのあつめかた,master,30,,1127,,,,,,,2026-06-15
3786,758,ラプス,らぷす,easy,7,,336,,,,,,,2026-07-17
3787,758,ラプス,らぷす,normal,13,,408,,,,,,,2026-07-17
3788,758,ラプス,らぷす,hard,17,,595,,,,,,,2026-07-17
3789,758,ラプス,らぷす,expert,24,,885,,,,,,,2026-07-17
3790,758,ラプス,らぷす,master,29,,1081,,,,,,,2026-07-17
3791,759,ハナタバ,はなたば,easy,5,,169,,,,,,,2026-07-13
3792,759,ハナタバ,はなたば,normal,11,,230,,,,,,,2026-07-13
3793,759,ハナタバ,はなたば,hard,17,,469,,,,,,,2026-07-13
3794,759,ハナタバ,はなたば,expert,25,,894,,,,,,,2026-07-13
3795,759,ハナタバ,はなたば,master,28,,938,,,,,,,2026-07-13
3796,760,オールイン・ワン,おーるいんわん,easy,9,,293,,,,,,,2026-06-20
3797,760,オールイン・ワン,おーるいんわん,normal,13,,462,,,,,,,2026-06-20
3798,760,オールイン・ワン,おーるいんわん,hard,17,,735,,,,,,,2026-06-20
3799,760,オールイン・ワン,おーるいんわん,expert,24,,1029,,,,,,,2026-06-20
3800,760,オールイン・ワン,おーるいんわん,master,30,,1357,,,,,,,2026-06-20
3816,764,オツキミリサイタル,おつきみりさいたる,easy,8,,214,,,,,,,2026-08-11
3817,764,オツキミリサイタル,おつきみりさいたる,normal,13,,446,,,,,,,2026-08-11
3818,764,オツキミリサイタル,おつきみりさいたる,hard,18,,815,,,,,,,2026-08-11
3819,764,オツキミリサイタル,おつきみりさいたる,expert,25,,972,,,,,,,2026-08-11
3820,764,オツキミリサイタル,おつきみりさいたる,master,29,,1104,,,,,,,2026-08-11
3821,765,レム,れむ,easy,5,,147,,,,,,,2026-07-29
3822,765,レム,れむ,normal,11,,167,,,,,,,2026-07-29
3823,765,レム,れむ,hard,17,,348,,,,,,,2026-07-29
3824,765,レム,れむ,expert,22,,460,,,,,,,2026-07-29
3825,765,レム,れむ,master,26,,537,,,,,,,2026-07-29
3936,788,アンチサイノウ,あんちさいのう,easy,9,,175,,,,,,,2026-08-27
3937,788,アンチサイノウ,あんちさいのう,normal,13,,295,,,,,,,2026-08-27
3938,788,アンチサイノウ,あんちさいのう,hard,19,,521,,,,,,,2026-08-27
3939,788,アンチサイノウ,あんちさいのう,expert,27,,790,,,,,,,2026-08-27
3940,788,アンチサイノウ,あんちさいのう,master,30,,854,,,,,,,2026-08-27
3941,789,天秤、指先で触れて,てんびん、ゆびさきでふれて,easy,7,,289,,,,,,,2026-07-31
3942,789,天秤、指先で触れて,てんびん、ゆびさきでふれて,normal,13,,404,,,,,,,2026-07-31
3943,789,天秤、指先で触れて,てんびん、ゆびさきでふれて,hard,18,,730,,,,,,,2026-07-31
3944,789,天秤、指先で触れて,てんびん、ゆびさきでふれて,expert,24,,866,,,,,,,2026-07-31
3945,789,天秤、指先で触れて,てんびん、ゆびさきでふれて,master,28,,1012,,,,,,,2026-07-31
3946,790,ピッコーン！！,ぴっこーん,easy,6,,270,,,,,,,2026-07-23
3947,790,ピッコーン！！,ぴっこーん,normal,12,,320,,,,,,,2026-07-23
3948,790,ピッコーン！！,ぴっこーん,hard,17,,336,,,,,,,2026-07-23
3949,790,ピッコーン！！,ぴっこーん,expert,23,,752,,,,,,,2026-07-23
3950,790,ピッコーン！！,ぴっこーん,master,27,,1056,,,,,,,2026-07-23
3951,791,シティライツ,してぃらいつ,easy,6,,187,,,,,,,2026-07-22
3952,791,シティライツ,してぃらいつ,normal,12,,299,,,,,,,2026-07-22
3953,791,シティライツ,してぃらいつ,hard,16,,369,,,,,,,2026-07-22
3954,791,シティライツ,してぃらいつ,expert,24,,649,,,,,,,2026-07-22
3955,791,シティライツ,してぃらいつ,master,29,,943,,,,,,,2026-07-22
3956,792,アストロノーツ,あすとろのーつ,easy,7,,112,,,,,,,2026-07-21
3957,792,アストロノーツ,あすとろのーつ,normal,10,,166,,,,,,,2026-07-21
3958,792,アストロノーツ,あすとろのーつ,hard,16,,350,,,,,,,2026-07-21
3959,792,アストロノーツ,あすとろのーつ,expert,22,,468,,,,,,,2026-07-21
3960,792,アストロノーツ,あすとろのーつ,master,25,,523,,,,,,,2026-07-21
3966,794,デロスサントス,でろすさんとす,easy,5,,185,,,,,,,2026-08-03
3967,794,デロスサントス,でろすさんとす,normal,13,,289,,,,,,,2026-08-03
3968,794,デロスサントス,でろすさんとす,hard,17,,658,,,,,,,2026-08-03
3969,794,デロスサントス,でろすさんとす,expert,24,,763,,,,,,,2026-08-03
3970,794,デロスサントス,でろすさんとす,master,29,,936,,,,,,,2026-08-03
3971,795,一億年恋してる,いちおくねんこいしてる,easy,9,,282,,,,,,,2026-08-04
3972,795,一億年恋してる,いちおくねんこいしてる,normal,13,,338,,,,,,,2026-08-04
3973,795,一億年恋してる,いちおくねんこいしてる,hard,17,,534,,,,,,,2026-08-04
3974,795,一億年恋してる,いちおくねんこいしてる,expert,26,,904,,,,,,,2026-08-04
3975,795,一億年恋してる,いちおくねんこいしてる,master,31,,1310,,,,,,,2026-08-04
4175,802,君に贈る未来,きみにおくるみらい,easy,8,,427,,,,,,,2026-08-24
4176,802,君に贈る未来,きみにおくるみらい,normal,13,,464,,,,,,,2026-08-24
4177,802,君に贈る未来,きみにおくるみらい,hard,17,,763,,,,,,,2026-08-24
4178,802,君に贈る未来,きみにおくるみらい,expert,24,,974,,,,,,,2026-08-24
4179,802,君に贈る未来,きみにおくるみらい,master,30,,1195,,,,,,,2026-08-24
4181,803,空に免じて,そらにめんじて,easy,5,,139,,,,,,,2026-08-28
4182,803,空に免じて,そらにめんじて,normal,12,,239,,,,,,,2026-08-28
4183,803,空に免じて,そらにめんじて,hard,16,,339,,,,,,,2026-08-28
4184,803,空に免じて,そらにめんじて,expert,22,,539,,,,,,,2026-08-28
4185,803,空に免じて,そらにめんじて,master,26,,539,,,,,,,2026-08-28
4187,804,正解,せいかい,easy,7,,258,,,,,,,2026-09-06
4188,804,正解,せいかい,normal,13,,346,,,,,,,2026-09-06
4189,804,正解,せいかい,hard,18,,553,,,,,,,2026-09-06
4190,804,正解,せいかい,expert,27,,815,,,,,,,2026-09-06
4191,804,正解,せいかい,master,31,,1210,,,,,,,2026-09-06
